---------------------------------------------------------------------------
 International Telecommunications Union - Radiocommunication Sector (ITU-R)
     ITURHFProp         Ver Nov 17 2025
     HF Model (P533)    Ver 14.1
     Noise Model (P372) Ver 14.2
     Analysis Prepared  Sat Nov 29 20:55:37 2025

---------------------------------------------------------------------------

***************************** P533 Input Parameters ****************************

	point2point
	Year          : 2025
	Month         : November
	Hour          : 1 (hour UTC)
	SSN (R12)     : 110
	Distance      : 6501.966946 (km)
	dmax          : 4000.000000 (km)
	Tx power      : -10.000000
	Tx Location     Transmitter
	Tx latitude   :  61.066692 N
	Tx longitude  : 107.991707 W
	Rx Location     Receiver
	Rx latitude   :  46.603355 N
	Rx longitude  :   1.888334 E
	local time Rx : 1 (hour UTC)
	local time Tx : 18 (hour UTC)
	Frequency     : 2.000000
	Bandwidth     : 2500.000000
	Modulation : ANALOG
	Required signal-to-noise ratio : -29.000000
	Required % of month signal-to-noise ratio :  90
	Required signal-to-interference ratio : 0.000000
	Man-made noise : QUIETRURAL
	Antenna configuration : Transmitter main beam to receiver main beam
	Path Direction : SHORTPATH
	Transmit antenna               ISOTROPIC
	Transmit antenna bearing     : 49.286505
	Transmit antenna gain offset : 2.150000
	Receive antenna                ISOTROPIC
	Receive antenna bearing      : 327.741394
	Receive antenna gain offset  : 2.150000

************************ End P533 Input Parameters *****************************

************************** ITURHFP Input Parameters *****************************

	Upper left (North West) latitude   :  46.603355 N
	Upper left (North West) longitude  :   1.888334 E
	Lower right (South East) latitude  :  46.603355 N
	Lower right (South East) longitude :   1.888334 E
	Number of frequencies : 29
	Number of hours       : 24
	Number of months      : 1
	Latitude increment    : 57.295780 (deg)
	Longitude increment   : 57.295780 (deg)

************************** ITURHFP Input Parameters *****************************

******************************** Data Format ***********************************

Column 01: Month
Column 02: Hour
Column 03: Frequency (MHz)
Column 04: ele - Path minimum Rx elevation angle (deg)
Column 05: OPMUF - Operation MUF (MHz)
Column 06: Pr - Median receiver power (dB)
Column 07: SNR - Median signal-to-noise ratio (dB)
Column 08: BCR - Basic circuit reliability (%)
Column 09: Free-space Field Strength 3 MW e.i.r.p. (dB(1uV/m)
Column 10: Increased Long Distance Field Strength due to Focusing (dB)
Column 11: "Not otherwise included loss" (dB)
Column 12: Upper Reference Frequency (MHz)
Column 13: Lower Reference Frequency (MHz)
Column 14: Correction Factor at T + d0/2
Column 15: Correction Factor at R - d0/2
Column 16: Max Antenna Gain G_tl (0 - 8 deg)
Column 17: Max Antenna Gain G_rw (0 - 8 deg)
Column 18: Mean gyrofrequency
Column 19: Scale factor f(f ,fL, fM, fH)

************************** End Data Format ********************************

************************ Calculated Parameters ****************************

11, 01,    2.000,   5.09,  12.96,-115.81,  -8.52,  93.08,-307.0000,-307.0000,   0.0000,   0.0000,   0.0000,   0.0000,   0.0000,-307.0000,   2.1500,   0.0000,-307.0000
11, 01,    3.000,   5.09,  12.96,-116.09,  -4.61,  97.26,-307.0000,-307.0000,   0.0000,   0.0000,   0.0000,   0.0000,   0.0000,-307.0000,   2.1500,   0.0000,-307.0000
11, 01,    4.000,   5.09,  12.96,-115.30,  -0.63, 100.00,-307.0000,-307.0000,   0.0000,   0.0000,   0.0000,   0.0000,   0.0000,-307.0000,   2.1500,   0.0000,-307.0000
11, 01,    5.000,   5.09,  12.96,-115.80,   1.87, 100.00,-307.0000,-307.0000,   0.0000,   0.0000,   0.0000,   0.0000,   0.0000,-307.0000,   2.1500,   0.0000,-307.0000
11, 01,    6.000,   5.09,  12.96,-116.69,   3.97, 100.00,-307.0000,-307.0000,   0.0000,   0.0000,   0.0000,   0.0000,   0.0000,-307.0000,   2.1500,   0.0000,-307.0000
11, 01,    7.000,   5.09,  12.96,-118.16,   5.54, 100.00,-307.0000,-307.0000,   0.0000,   0.0000,   0.0000,   0.0000,   0.0000,-307.0000,   2.1500,   0.0000,-307.0000
11, 01,    8.000,   5.09,  12.96,-119.04,   7.73, 100.00,-307.0000,-307.0000,   0.0000,   0.0000,   0.0000,   0.0000,   0.0000,-307.0000,   2.1500,   0.0000,-307.0000
11, 01,    9.000,   5.09,  12.96,-120.76,   9.06, 100.00,-307.0000,-307.0000,   0.0000,   0.0000,   0.0000,   0.0000,   0.0000,-307.0000,   2.1500,   0.0000,-307.0000
11, 01,   10.000,   5.09,  12.96,-129.69,   3.06,  99.51,-307.0000,-307.0000,   0.0000,   0.0000,   0.0000,   0.0000,   0.0000,-307.0000,   2.1500,   0.0000,-307.0000
11, 01,   11.000,   5.09,  12.96,-137.41,  -1.92,  96.36,-307.0000,-307.0000,   0.0000,   0.0000,   0.0000,   0.0000,   0.0000,-307.0000,   2.1500,   0.0000,-307.0000
11, 01,   12.000,   5.09,  12.96,-145.07,  -7.17,  95.91,-307.0000,-307.0000,   0.0000,   0.0000,   0.0000,   0.0000,   0.0000,-307.0000,   2.1500,   0.0000,-307.0000
11, 01,   13.000,   5.09,  12.96,-152.70, -12.75,  90.14,-307.0000,-307.0000,   0.0000,   0.0000,   0.0000,   0.0000,   0.0000,-307.0000,   2.1500,   0.0000,-307.0000
11, 01,   14.000,   5.09,  12.96,-160.30, -18.68,  83.23,-307.0000,-307.0000,   0.0000,   0.0000,   0.0000,   0.0000,   0.0000,-307.0000,   2.1500,   0.0000,-307.0000
11, 01,   15.000,   5.09,  12.96,-167.86, -24.92,  67.58,-307.0000,-307.0000,   0.0000,   0.0000,   0.0000,   0.0000,   0.0000,-307.0000,   2.1500,   0.0000,-307.0000
11, 01,   16.000,   5.09,  12.96,-175.39, -31.39,  35.31,-307.0000,-307.0000,   0.0000,   0.0000,   0.0000,   0.0000,   0.0000,-307.0000,   2.1500,   0.0000,-307.0000
11, 01,   17.000,   5.09,  12.96,-182.89, -38.02,  13.23,-307.0000,-307.0000,   0.0000,   0.0000,   0.0000,   0.0000,   0.0000,-307.0000,   2.1500,   0.0000,-307.0000
11, 01,   18.000,   5.09,  12.96,-190.32, -44.71,   2.22,-307.0000,-307.0000,   0.0000,   0.0000,   0.0000,   0.0000,   0.0000,-307.0000,   2.1500,   0.0000,-307.0000
11, 01,   19.000,   5.09,  12.96,-197.53, -51.28,   0.00,-307.0000,-307.0000,   0.0000,   0.0000,   0.0000,   0.0000,   0.0000,-307.0000,   2.1500,   0.0000,-307.0000
11, 01,   20.000,   5.09,  12.96,-203.90, -57.06,   0.00,-307.0000,-307.0000,   0.0000,   0.0000,   0.0000,   0.0000,   0.0000,-307.0000,   2.1500,   0.0000,-307.0000
11, 01,   21.000,   5.09,  12.96,-205.40, -58.03,   0.00,-307.0000,-307.0000,   0.0000,   0.0000,   0.0000,   0.0000,   0.0000,-307.0000,   2.1500,   0.0000,-307.0000
11, 01,   22.000,   5.09,  12.96,-205.79, -57.91,   0.00,-307.0000,-307.0000,   0.0000,   0.0000,   0.0000,   0.0000,   0.0000,-307.0000,   2.1500,   0.0000,-307.0000
11, 01,   23.000,   5.09,  12.96,-206.16, -57.80,   0.00,-307.0000,-307.0000,   0.0000,   0.0000,   0.0000,   0.0000,   0.0000,-307.0000,   2.1500,   0.0000,-307.0000
11, 01,   24.000,   5.09,  12.96,-206.51, -57.70,   0.00,-307.0000,-307.0000,   0.0000,   0.0000,   0.0000,   0.0000,   0.0000,-307.0000,   2.1500,   0.0000,-307.0000
11, 01,   25.000,   5.09,  12.96,-206.85, -57.61,   0.00,-307.0000,-307.0000,   0.0000,   0.0000,   0.0000,   0.0000,   0.0000,-307.0000,   2.1500,   0.0000,-307.0000
11, 01,   26.000,   5.09,  12.96,-207.18, -57.53,   0.00,-307.0000,-307.0000,   0.0000,   0.0000,   0.0000,   0.0000,   0.0000,-307.0000,   2.1500,   0.0000,-307.0000
11, 01,   27.000,   5.09,  12.96,-207.50, -57.45,   0.00,-307.0000,-307.0000,   0.0000,   0.0000,   0.0000,   0.0000,   0.0000,-307.0000,   2.1500,   0.0000,-307.0000
11, 01,   28.000,   5.09,  12.96,-207.80, -57.38,   0.00,-307.0000,-307.0000,   0.0000,   0.0000,   0.0000,   0.0000,   0.0000,-307.0000,   2.1500,   0.0000,-307.0000
11, 01,   29.000,   5.09,  12.96,-208.10, -57.30,   0.00,-307.0000,-307.0000,   0.0000,   0.0000,   0.0000,   0.0000,   0.0000,-307.0000,   2.1500,   0.0000,-307.0000
11, 01,   30.000,   5.09,  12.96,-208.38, -57.24,   0.00,-307.0000,-307.0000,   0.0000,   0.0000,   0.0000,   0.0000,   0.0000,-307.0000,   2.1500,   0.0000,-307.0000
11, 02,    2.000,   4.94,  13.49,-116.03,  -7.18,  93.50,-307.0000,-307.0000,   0.0000,   0.0000,   0.0000,   0.0000,   0.0000,-307.0000,   2.1500,   0.0000,-307.0000
11, 02,    3.000,   4.94,  13.49,-115.98,  -3.07,  97.79,-307.0000,-307.0000,   0.0000,   0.0000,   0.0000,   0.0000,   0.0000,-307.0000,   2.1500,   0.0000,-307.0000
11, 02,    4.000,   4.94,  13.49,-115.21,   0.76, 100.00,-307.0000,-307.0000,   0.0000,   0.0000,   0.0000,   0.0000,   0.0000,-307.0000,   2.1500,   0.0000,-307.0000
11, 02,    5.000,   4.94,  13.49,-115.76,   3.04, 100.00,-307.0000,-307.0000,   0.0000,   0.0000,   0.0000,   0.0000,   0.0000,-307.0000,   2.1500,   0.0000,-307.0000
11, 02,    6.000,   4.94,  13.49,-116.67,   4.96, 100.00,-307.0000,-307.0000,   0.0000,   0.0000,   0.0000,   0.0000,   0.0000,-307.0000,   2.1500,   0.0000,-307.0000
11, 02,    7.000,   4.94,  13.49,-117.75,   6.75, 100.00,-307.0000,-307.0000,   0.0000,   0.0000,   0.0000,   0.0000,   0.0000,-307.0000,   2.1500,   0.0000,-307.0000
11, 02,    8.000,   4.94,  13.49,-119.03,   8.38, 100.00,-307.0000,-307.0000,   0.0000,   0.0000,   0.0000,   0.0000,   0.0000,-307.0000,   2.1500,   0.0000,-307.0000
11, 02,    9.000,   4.94,  13.49,-120.72,   9.58, 100.00,-307.0000,-307.0000,   0.0000,   0.0000,   0.0000,   0.0000,   0.0000,-307.0000,   2.1500,   0.0000,-307.0000
11, 02,   10.000,   4.94,  13.49,-121.51,  11.57, 100.00,-307.0000,-307.0000,   0.0000,   0.0000,   0.0000,   0.0000,   0.0000,-307.0000,   2.1500,   0.0000,-307.0000
11, 02,   11.000,   4.94,  13.49,-134.38,   1.30,  98.47,-307.0000,-307.0000,   0.0000,   0.0000,   0.0000,   0.0000,   0.0000,-307.0000,   2.1500,   0.0000,-307.0000
11, 02,   12.000,   4.94,  13.49,-141.78,  -3.78,  95.00,-307.0000,-307.0000,   0.0000,   0.0000,   0.0000,   0.0000,   0.0000,-307.0000,   2.1500,   0.0000,-307.0000
11, 02,   13.000,   4.94,  13.49,-149.14,  -9.16,  94.06,-307.0000,-307.0000,   0.0000,   0.0000,   0.0000,   0.0000,   0.0000,-307.0000,   2.1500,   0.0000,-307.0000
11, 02,   14.000,   4.94,  13.49,-156.46, -14.86,  87.39,-307.0000,-307.0000,   0.0000,   0.0000,   0.0000,   0.0000,   0.0000,-307.0000,   2.1500,   0.0000,-307.0000
11, 02,   15.000,   4.94,  13.49,-163.75, -20.84,  78.80,-307.0000,-307.0000,   0.0000,   0.0000,   0.0000,   0.0000,   0.0000,-307.0000,   2.1500,   0.0000,-307.0000
11, 02,   16.000,   4.94,  13.49,-171.00, -27.04,  59.54,-307.0000,-307.0000,   0.0000,   0.0000,   0.0000,   0.0000,   0.0000,-307.0000,   2.1500,   0.0000,-307.0000
11, 02,   17.000,   4.94,  13.49,-178.23, -33.40,  26.57,-307.0000,-307.0000,   0.0000,   0.0000,   0.0000,   0.0000,   0.0000,-307.0000,   2.1500,   0.0000,-307.0000
11, 02,   18.000,   4.94,  13.49,-185.43, -39.85,   9.54,-307.0000,-307.0000,   0.0000,   0.0000,   0.0000,   0.0000,   0.0000,-307.0000,   2.1500,   0.0000,-307.0000
11, 02,   19.000,   4.94,  13.49,-192.54, -46.30,   0.38,-307.0000,-307.0000,   0.0000,   0.0000,   0.0000,   0.0000,   0.0000,-307.0000,   2.1500,   0.0000,-307.0000
11, 02,   20.000,   4.94,  13.49,-199.36, -52.53,   0.00,-307.0000,-307.0000,   0.0000,   0.0000,   0.0000,   0.0000,   0.0000,-307.0000,   2.1500,   0.0000,-307.0000
11, 02,   21.000,   4.94,  13.49,-205.18, -57.81,   0.00,-307.0000,-307.0000,   0.0000,   0.0000,   0.0000,   0.0000,   0.0000,-307.0000,   2.1500,   0.0000,-307.0000
11, 02,   22.000,   4.94,  13.49,-205.77, -57.90,   0.00,-307.0000,-307.0000,   0.0000,   0.0000,   0.0000,   0.0000,   0.0000,-307.0000,   2.1500,   0.0000,-307.0000
11, 02,   23.000,   4.94,  13.49,-206.14, -57.79,   0.00,-307.0000,-307.0000,   0.0000,   0.0000,   0.0000,   0.0000,   0.0000,-307.0000,   2.1500,   0.0000,-307.0000
11, 02,   24.000,   4.94,  13.49,-206.50, -57.69,   0.00,-307.0000,-307.0000,   0.0000,   0.0000,   0.0000,   0.0000,   0.0000,-307.0000,   2.1500,   0.0000,-307.0000
11, 02,   25.000,   4.94,  13.49,-206.84, -57.60,   0.00,-307.0000,-307.0000,   0.0000,   0.0000,   0.0000,   0.0000,   0.0000,-307.0000,   2.1500,   0.0000,-307.0000
11, 02,   26.000,   4.94,  13.49,-207.17, -57.52,   0.00,-307.0000,-307.0000,   0.0000,   0.0000,   0.0000,   0.0000,   0.0000,-307.0000,   2.1500,   0.0000,-307.0000
11, 02,   27.000,   4.94,  13.49,-207.48, -57.44,   0.00,-307.0000,-307.0000,   0.0000,   0.0000,   0.0000,   0.0000,   0.0000,-307.0000,   2.1500,   0.0000,-307.0000
11, 02,   28.000,   4.94,  13.49,-207.79, -57.36,   0.00,-307.0000,-307.0000,   0.0000,   0.0000,   0.0000,   0.0000,   0.0000,-307.0000,   2.1500,   0.0000,-307.0000
11, 02,   29.000,   4.94,  13.49,-208.08, -57.29,   0.00,-307.0000,-307.0000,   0.0000,   0.0000,   0.0000,   0.0000,   0.0000,-307.0000,   2.1500,   0.0000,-307.0000
11, 02,   30.000,   4.94,  13.49,-208.37, -57.22,   0.00,-307.0000,-307.0000,   0.0000,   0.0000,   0.0000,   0.0000,   0.0000,-307.0000,   2.1500,   0.0000,-307.0000
11, 03,    2.000,   4.90,  13.17,-116.03,  -4.75,  95.00,-307.0000,-307.0000,   0.0000,   0.0000,   0.0000,   0.0000,   0.0000,-307.0000,   2.1500,   0.0000,-307.0000
11, 03,    3.000,   4.90,  13.17,-116.00,  -0.91,  98.83,-307.0000,-307.0000,   0.0000,   0.0000,   0.0000,   0.0000,   0.0000,-307.0000,   2.1500,   0.0000,-307.0000
11, 03,    4.000,   4.90,  13.17,-115.22,   2.61, 100.00,-307.0000,-307.0000,   0.0000,   0.0000,   0.0000,   0.0000,   0.0000,-307.0000,   2.1500,   0.0000,-307.0000
11, 03,    5.000,   4.90,  13.17,-115.76,   4.58, 100.00,-307.0000,-307.0000,   0.0000,   0.0000,   0.0000,   0.0000,   0.0000,-307.0000,   2.1500,   0.0000,-307.0000
11, 03,    6.000,   4.90,  13.17,-116.67,   6.20, 100.00,-307.0000,-307.0000,   0.0000,   0.0000,   0.0000,   0.0000,   0.0000,-307.0000,   2.1500,   0.0000,-307.0000
11, 03,    7.000,   4.90,  13.17,-117.75,   7.73, 100.00,-307.0000,-307.0000,   0.0000,   0.0000,   0.0000,   0.0000,   0.0000,-307.0000,   2.1500,   0.0000,-307.0000
11, 03,    8.000,   4.90,  13.17,-119.04,   9.11, 100.00,-307.0000,-307.0000,   0.0000,   0.0000,   0.0000,   0.0000,   0.0000,-307.0000,   2.1500,   0.0000,-307.0000
11, 03,    9.000,   4.90,  13.17,-120.75,  10.08, 100.00,-307.0000,-307.0000,   0.0000,   0.0000,   0.0000,   0.0000,   0.0000,-307.0000,   2.1500,   0.0000,-307.0000
11, 03,   10.000,   4.90,  13.17,-121.52,  11.92, 100.00,-307.0000,-307.0000,   0.0000,   0.0000,   0.0000,   0.0000,   0.0000,-307.0000,   2.1500,   0.0000,-307.0000
11, 03,   11.000,   4.90,  13.17,-136.17,  -0.28,  97.38,-307.0000,-307.0000,   0.0000,   0.0000,   0.0000,   0.0000,   0.0000,-307.0000,   2.1500,   0.0000,-307.0000
11, 03,   12.000,   4.90,  13.17,-143.73,  -5.63,  93.45,-307.0000,-307.0000,   0.0000,   0.0000,   0.0000,   0.0000,   0.0000,-307.0000,   2.1500,   0.0000,-307.0000
11, 03,   13.000,   4.90,  13.17,-151.25, -11.25,  91.80,-307.0000,-307.0000,   0.0000,   0.0000,   0.0000,   0.0000,   0.0000,-307.0000,   2.1500,   0.0000,-307.0000
11, 03,   14.000,   4.90,  13.17,-158.73, -17.15,  83.87,-307.0000,-307.0000,   0.0000,   0.0000,   0.0000,   0.0000,   0.0000,-307.0000,   2.1500,   0.0000,-307.0000
11, 03,   15.000,   4.90,  13.17,-166.18, -23.30,  72.53,-307.0000,-307.0000,   0.0000,   0.0000,   0.0000,   0.0000,   0.0000,-307.0000,   2.1500,   0.0000,-307.0000
11, 03,   16.000,   4.90,  13.17,-173.60, -29.67,  46.17,-307.0000,-307.0000,   0.0000,   0.0000,   0.0000,   0.0000,   0.0000,-307.0000,   2.1500,   0.0000,-307.0000
11, 03,   17.000,   4.90,  13.17,-180.99, -36.18,  17.73,-307.0000,-307.0000,   0.0000,   0.0000,   0.0000,   0.0000,   0.0000,-307.0000,   2.1500,   0.0000,-307.0000
11, 03,   18.000,   4.90,  13.17,-188.32, -42.77,   4.81,-307.0000,-307.0000,   0.0000,   0.0000,   0.0000,   0.0000,   0.0000,-307.0000,   2.1500,   0.0000,-307.0000
11, 03,   19.000,   4.90,  13.17,-195.52, -49.30,   0.00,-307.0000,-307.0000,   0.0000,   0.0000,   0.0000,   0.0000,   0.0000,-307.0000,   2.1500,   0.0000,-307.0000
11, 03,   20.000,   4.90,  13.17,-202.16, -55.35,   0.00,-307.0000,-307.0000,   0.0000,   0.0000,   0.0000,   0.0000,   0.0000,-307.0000,   2.1500,   0.0000,-307.0000
11, 03,   21.000,   4.90,  13.17,-205.39, -58.03,   0.00,-307.0000,-307.0000,   0.0000,   0.0000,   0.0000,   0.0000,   0.0000,-307.0000,   2.1500,   0.0000,-307.0000
11, 03,   22.000,   4.90,  13.17,-205.77, -57.90,   0.00,-307.0000,-307.0000,   0.0000,   0.0000,   0.0000,   0.0000,   0.0000,-307.0000,   2.1500,   0.0000,-307.0000
11, 03,   23.000,   4.90,  13.17,-206.14, -57.79,   0.00,-307.0000,-307.0000,   0.0000,   0.0000,   0.0000,   0.0000,   0.0000,-307.0000,   2.1500,   0.0000,-307.0000
11, 03,   24.000,   4.90,  13.17,-206.49, -57.69,   0.00,-307.0000,-307.0000,   0.0000,   0.0000,   0.0000,   0.0000,   0.0000,-307.0000,   2.1500,   0.0000,-307.0000
11, 03,   25.000,   4.90,  13.17,-206.83, -57.60,   0.00,-307.0000,-307.0000,   0.0000,   0.0000,   0.0000,   0.0000,   0.0000,-307.0000,   2.1500,   0.0000,-307.0000
11, 03,   26.000,   4.90,  13.17,-207.16, -57.52,   0.00,-307.0000,-307.0000,   0.0000,   0.0000,   0.0000,   0.0000,   0.0000,-307.0000,   2.1500,   0.0000,-307.0000
11, 03,   27.000,   4.90,  13.17,-207.48, -57.44,   0.00,-307.0000,-307.0000,   0.0000,   0.0000,   0.0000,   0.0000,   0.0000,-307.0000,   2.1500,   0.0000,-307.0000
11, 03,   28.000,   4.90,  13.17,-207.79, -57.36,   0.00,-307.0000,-307.0000,   0.0000,   0.0000,   0.0000,   0.0000,   0.0000,-307.0000,   2.1500,   0.0000,-307.0000
11, 03,   29.000,   4.90,  13.17,-208.08, -57.29,   0.00,-307.0000,-307.0000,   0.0000,   0.0000,   0.0000,   0.0000,   0.0000,-307.0000,   2.1500,   0.0000,-307.0000
11, 03,   30.000,   4.90,  13.17,-208.37, -57.22,   0.00,-307.0000,-307.0000,   0.0000,   0.0000,   0.0000,   0.0000,   0.0000,-307.0000,   2.1500,   0.0000,-307.0000
11, 04,    2.000,   4.94,  11.66,-113.40,   2.63, 100.00,-307.0000,-307.0000,   0.0000,   0.0000,   0.0000,   0.0000,   0.0000,-307.0000,   2.1500,   0.0000,-307.0000
11, 04,    3.000,   4.94,  11.66,-112.83,   6.00, 100.00,-307.0000,-307.0000,   0.0000,   0.0000,   0.0000,   0.0000,   0.0000,-307.0000,   2.1500,   0.0000,-307.0000
11, 04,    4.000,   4.94,  11.66,-112.25,   8.44, 100.00,-307.0000,-307.0000,   0.0000,   0.0000,   0.0000,   0.0000,   0.0000,-307.0000,   2.1500,   0.0000,-307.0000
11, 04,    5.000,   4.94,  11.66,-112.82,   9.68, 100.00,-307.0000,-307.0000,   0.0000,   0.0000,   0.0000,   0.0000,   0.0000,-307.0000,   2.1500,   0.0000,-307.0000
11, 04,    6.000,   4.94,  11.66,-114.12,  10.37, 100.00,-307.0000,-307.0000,   0.0000,   0.0000,   0.0000,   0.0000,   0.0000,-307.0000,   2.1500,   0.0000,-307.0000
11, 04,    7.000,   4.94,  11.66,-115.64,  11.04, 100.00,-307.0000,-307.0000,   0.0000,   0.0000,   0.0000,   0.0000,   0.0000,-307.0000,   2.1500,   0.0000,-307.0000
11, 04,    8.000,   4.94,  11.66,-117.91,  11.12, 100.00,-307.0000,-307.0000,   0.0000,   0.0000,   0.0000,   0.0000,   0.0000,-307.0000,   2.1500,   0.0000,-307.0000
11, 04,    9.000,   4.94,  11.66,-126.96,   4.48,  99.93,-307.0000,-307.0000,   0.0000,   0.0000,   0.0000,   0.0000,   0.0000,-307.0000,   2.1500,   0.0000,-307.0000
11, 04,   10.000,   4.94,  11.66,-135.51,  -1.69,  96.20,-307.0000,-307.0000,   0.0000,   0.0000,   0.0000,   0.0000,   0.0000,-307.0000,   2.1500,   0.0000,-307.0000
11, 04,   11.000,   4.94,  11.66,-144.01,  -7.93,  94.83,-307.0000,-307.0000,   0.0000,   0.0000,   0.0000,   0.0000,   0.0000,-307.0000,   2.1500,   0.0000,-307.0000
11, 04,   12.000,   4.94,  11.66,-152.47, -14.35,  87.77,-307.0000,-307.0000,   0.0000,   0.0000,   0.0000,   0.0000,   0.0000,-307.0000,   2.1500,   0.0000,-307.0000
11, 04,   13.000,   4.94,  11.66,-160.88, -20.98,  78.21,-307.0000,-307.0000,   0.0000,   0.0000,   0.0000,   0.0000,   0.0000,-307.0000,   2.1500,   0.0000,-307.0000
11, 04,   14.000,   4.94,  11.66,-169.26, -27.85,  55.84,-307.0000,-307.0000,   0.0000,   0.0000,   0.0000,   0.0000,   0.0000,-307.0000,   2.1500,   0.0000,-307.0000
11, 04,   15.000,   4.94,  11.66,-177.61, -34.92,  21.54,-307.0000,-307.0000,   0.0000,   0.0000,   0.0000,   0.0000,   0.0000,-307.0000,   2.1500,   0.0000,-307.0000
11, 04,   16.000,   4.94,  11.66,-185.86, -42.11,   5.90,-307.0000,-307.0000,   0.0000,   0.0000,   0.0000,   0.0000,   0.0000,-307.0000,   2.1500,   0.0000,-307.0000
11, 04,   17.000,   4.94,  11.66,-193.79, -49.12,   0.00,-307.0000,-307.0000,   0.0000,   0.0000,   0.0000,   0.0000,   0.0000,-307.0000,   2.1500,   0.0000,-307.0000
11, 04,   18.000,   4.94,  11.66,-200.34, -54.89,   0.00,-307.0000,-307.0000,   0.0000,   0.0000,   0.0000,   0.0000,   0.0000,-307.0000,   2.1500,   0.0000,-307.0000
11, 04,   19.000,   4.94,  11.66,-201.62, -55.47,   0.00,-307.0000,-307.0000,   0.0000,   0.0000,   0.0000,   0.0000,   0.0000,-307.0000,   2.1500,   0.0000,-307.0000
11, 04,   20.000,   4.94,  11.66,-202.04, -55.27,   0.00,-307.0000,-307.0000,   0.0000,   0.0000,   0.0000,   0.0000,   0.0000,-307.0000,   2.1500,   0.0000,-307.0000
11, 04,   21.000,   4.94,  11.66,-202.44, -55.10,   0.00,-307.0000,-307.0000,   0.0000,   0.0000,   0.0000,   0.0000,   0.0000,-307.0000,   2.1500,   0.0000,-307.0000
11, 04,   22.000,   4.94,  11.66,-202.82, -54.97,   0.00,-307.0000,-307.0000,   0.0000,   0.0000,   0.0000,   0.0000,   0.0000,-307.0000,   2.1500,   0.0000,-307.0000
11, 04,   23.000,   4.94,  11.66,-203.19, -54.85,   0.00,-307.0000,-307.0000,   0.0000,   0.0000,   0.0000,   0.0000,   0.0000,-307.0000,   2.1500,   0.0000,-307.0000
11, 04,   24.000,   4.94,  11.66,-203.54, -54.75,   0.00,-307.0000,-307.0000,   0.0000,   0.0000,   0.0000,   0.0000,   0.0000,-307.0000,   2.1500,   0.0000,-307.0000
11, 04,   25.000,   4.94,  11.66,-203.88, -54.65,   0.00,-307.0000,-307.0000,   0.0000,   0.0000,   0.0000,   0.0000,   0.0000,-307.0000,   2.1500,   0.0000,-307.0000
11, 04,   26.000,   4.94,  11.66,-204.21, -54.56,   0.00,-307.0000,-307.0000,   0.0000,   0.0000,   0.0000,   0.0000,   0.0000,-307.0000,   2.1500,   0.0000,-307.0000
11, 04,   27.000,   4.94,  11.66,-204.53, -54.48,   0.00,-307.0000,-307.0000,   0.0000,   0.0000,   0.0000,   0.0000,   0.0000,-307.0000,   2.1500,   0.0000,-307.0000
11, 04,   28.000,   4.94,  11.66,-204.83, -54.41,   0.00,-307.0000,-307.0000,   0.0000,   0.0000,   0.0000,   0.0000,   0.0000,-307.0000,   2.1500,   0.0000,-307.0000
11, 04,   29.000,   4.94,  11.66,-205.13, -54.34,   0.00,-307.0000,-307.0000,   0.0000,   0.0000,   0.0000,   0.0000,   0.0000,-307.0000,   2.1500,   0.0000,-307.0000
11, 04,   30.000,   4.94,  11.66,-205.42, -54.27,   0.00,-307.0000,-307.0000,   0.0000,   0.0000,   0.0000,   0.0000,   0.0000,-307.0000,   2.1500,   0.0000,-307.0000
11, 05,    2.000,   4.82,   9.65,-113.44,   3.52, 100.00,-307.0000,-307.0000,   0.0000,   0.0000,   0.0000,   0.0000,   0.0000,-307.0000,   2.1500,   0.0000,-307.0000
11, 05,    3.000,   4.82,   9.65,-112.90,   6.98, 100.00,-307.0000,-307.0000,   0.0000,   0.0000,   0.0000,   0.0000,   0.0000,-307.0000,   2.1500,   0.0000,-307.0000
11, 05,    4.000,   4.82,   9.65,-112.27,   9.52, 100.00,-307.0000,-307.0000,   0.0000,   0.0000,   0.0000,   0.0000,   0.0000,-307.0000,   2.1500,   0.0000,-307.0000
11, 05,    5.000,   4.82,   9.65,-113.34,  10.28, 100.00,-307.0000,-307.0000,   0.0000,   0.0000,   0.0000,   0.0000,   0.0000,-307.0000,   2.1500,   0.0000,-307.0000
11, 05,    6.000,   4.82,   9.65,-114.82,  10.77, 100.00,-307.0000,-307.0000,   0.0000,   0.0000,   0.0000,   0.0000,   0.0000,-307.0000,   2.1500,   0.0000,-307.0000
11, 05,    7.000,   4.82,   9.65,-117.16,  10.58, 100.00,-307.0000,-307.0000,   0.0000,   0.0000,   0.0000,   0.0000,   0.0000,-307.0000,   2.1500,   0.0000,-307.0000
11, 05,    8.000,   4.82,   9.65,-131.35,  -1.38,  96.04,-307.0000,-307.0000,   0.0000,   0.0000,   0.0000,   0.0000,   0.0000,-307.0000,   2.1500,   0.0000,-307.0000
11, 05,    9.000,   4.82,   9.65,-141.56,  -9.37,  92.92,-307.0000,-307.0000,   0.0000,   0.0000,   0.0000,   0.0000,   0.0000,-307.0000,   2.1500,   0.0000,-307.0000
11, 05,   10.000,   4.82,   9.65,-151.72, -17.46,  82.61,-307.0000,-307.0000,   0.0000,   0.0000,   0.0000,   0.0000,   0.0000,-307.0000,   2.1500,   0.0000,-307.0000
11, 05,   11.000,   4.82,   9.65,-161.84, -25.74,  64.23,-307.0000,-307.0000,   0.0000,   0.0000,   0.0000,   0.0000,   0.0000,-307.0000,   2.1500,   0.0000,-307.0000
11, 05,   12.000,   4.82,   9.65,-171.90, -34.21,  24.54,-307.0000,-307.0000,   0.0000,   0.0000,   0.0000,   0.0000,   0.0000,-307.0000,   2.1500,   0.0000,-307.0000
11, 05,   13.000,   4.82,   9.65,-181.90, -42.80,   5.55,-307.0000,-307.0000,   0.0000,   0.0000,   0.0000,   0.0000,   0.0000,-307.0000,   2.1500,   0.0000,-307.0000
11, 05,   14.000,   4.82,   9.65,-191.57, -51.19,   0.00,-307.0000,-307.0000,   0.0000,   0.0000,   0.0000,   0.0000,   0.0000,-307.0000,   2.1500,   0.0000,-307.0000
11, 05,   15.000,   4.82,   9.65,-199.39, -57.80,   0.00,-307.0000,-307.0000,   0.0000,   0.0000,   0.0000,   0.0000,   0.0000,-307.0000,   2.1500,   0.0000,-307.0000
11, 05,   16.000,   4.82,   9.65,-200.23, -57.48,   0.00,-307.0000,-307.0000,   0.0000,   0.0000,   0.0000,   0.0000,   0.0000,-307.0000,   2.1500,   0.0000,-307.0000
11, 05,   17.000,   4.82,   9.65,-200.71, -56.88,   0.00,-307.0000,-307.0000,   0.0000,   0.0000,   0.0000,   0.0000,   0.0000,-307.0000,   2.1500,   0.0000,-307.0000
11, 05,   18.000,   4.82,   9.65,-201.17, -56.34,   0.00,-307.0000,-307.0000,   0.0000,   0.0000,   0.0000,   0.0000,   0.0000,-307.0000,   2.1500,   0.0000,-307.0000
11, 05,   19.000,   4.82,   9.65,-201.61, -55.89,   0.00,-307.0000,-307.0000,   0.0000,   0.0000,   0.0000,   0.0000,   0.0000,-307.0000,   2.1500,   0.0000,-307.0000
11, 05,   20.000,   4.82,   9.65,-202.03, -55.54,   0.00,-307.0000,-307.0000,   0.0000,   0.0000,   0.0000,   0.0000,   0.0000,-307.0000,   2.1500,   0.0000,-307.0000
11, 05,   21.000,   4.82,   9.65,-202.43, -55.26,   0.00,-307.0000,-307.0000,   0.0000,   0.0000,   0.0000,   0.0000,   0.0000,-307.0000,   2.1500,   0.0000,-307.0000
11, 05,   22.000,   4.82,   9.65,-202.81, -55.05,   0.00,-307.0000,-307.0000,   0.0000,   0.0000,   0.0000,   0.0000,   0.0000,-307.0000,   2.1500,   0.0000,-307.0000
11, 05,   23.000,   4.82,   9.65,-203.18, -54.89,   0.00,-307.0000,-307.0000,   0.0000,   0.0000,   0.0000,   0.0000,   0.0000,-307.0000,   2.1500,   0.0000,-307.0000
11, 05,   24.000,   4.82,   9.65,-203.53, -54.76,   0.00,-307.0000,-307.0000,   0.0000,   0.0000,   0.0000,   0.0000,   0.0000,-307.0000,   2.1500,   0.0000,-307.0000
11, 05,   25.000,   4.82,   9.65,-203.87, -54.65,   0.00,-307.0000,-307.0000,   0.0000,   0.0000,   0.0000,   0.0000,   0.0000,-307.0000,   2.1500,   0.0000,-307.0000
11, 05,   26.000,   4.82,   9.65,-204.20, -54.56,   0.00,-307.0000,-307.0000,   0.0000,   0.0000,   0.0000,   0.0000,   0.0000,-307.0000,   2.1500,   0.0000,-307.0000
11, 05,   27.000,   4.82,   9.65,-204.52, -54.48,   0.00,-307.0000,-307.0000,   0.0000,   0.0000,   0.0000,   0.0000,   0.0000,-307.0000,   2.1500,   0.0000,-307.0000
11, 05,   28.000,   4.82,   9.65,-204.82, -54.40,   0.00,-307.0000,-307.0000,   0.0000,   0.0000,   0.0000,   0.0000,   0.0000,-307.0000,   2.1500,   0.0000,-307.0000
11, 05,   29.000,   4.82,   9.65,-205.12, -54.33,   0.00,-307.0000,-307.0000,   0.0000,   0.0000,   0.0000,   0.0000,   0.0000,-307.0000,   2.1500,   0.0000,-307.0000
11, 05,   30.000,   4.82,   9.65,-205.41, -54.26,   0.00,-307.0000,-307.0000,   0.0000,   0.0000,   0.0000,   0.0000,   0.0000,-307.0000,   2.1500,   0.0000,-307.0000
11, 06,    2.000,   4.70,   9.21,-113.47,   4.67, 100.00,-307.0000,-307.0000,   0.0000,   0.0000,   0.0000,   0.0000,   0.0000,-307.0000,   2.1500,   0.0000,-307.0000
11, 06,    3.000,   4.70,   9.21,-112.96,   8.29, 100.00,-307.0000,-307.0000,   0.0000,   0.0000,   0.0000,   0.0000,   0.0000,-307.0000,   2.1500,   0.0000,-307.0000
11, 06,    4.000,   4.70,   9.21,-112.29,  10.99, 100.00,-307.0000,-307.0000,   0.0000,   0.0000,   0.0000,   0.0000,   0.0000,-307.0000,   2.1500,   0.0000,-307.0000
11, 06,    5.000,   4.70,   9.21,-113.94,  11.20, 100.00,-307.0000,-307.0000,   0.0000,   0.0000,   0.0000,   0.0000,   0.0000,-307.0000,   2.1500,   0.0000,-307.0000
11, 06,    6.000,   4.70,   9.21,-116.16,  10.93, 100.00,-307.0000,-307.0000,   0.0000,   0.0000,   0.0000,   0.0000,   0.0000,-307.0000,   2.1500,   0.0000,-307.0000
11, 06,    7.000,   4.70,   9.21,-117.17,  11.97, 100.00,-307.0000,-307.0000,   0.0000,   0.0000,   0.0000,   0.0000,   0.0000,-307.0000,   2.1500,   0.0000,-307.0000
11, 06,    8.000,   4.70,   9.21,-134.96,  -3.77,  94.27,-307.0000,-307.0000,   0.0000,   0.0000,   0.0000,   0.0000,   0.0000,-307.0000,   2.1500,   0.0000,-307.0000
11, 06,    9.000,   4.70,   9.21,-145.62, -12.53,  89.41,-307.0000,-307.0000,   0.0000,   0.0000,   0.0000,   0.0000,   0.0000,-307.0000,   2.1500,   0.0000,-307.0000
11, 06,   10.000,   4.70,   9.21,-156.23, -21.49,  76.34,-307.0000,-307.0000,   0.0000,   0.0000,   0.0000,   0.0000,   0.0000,-307.0000,   2.1500,   0.0000,-307.0000
11, 06,   11.000,   4.70,   9.21,-166.79, -30.67,  41.37,-307.0000,-307.0000,   0.0000,   0.0000,   0.0000,   0.0000,   0.0000,-307.0000,   2.1500,   0.0000,-307.0000
11, 06,   12.000,   4.70,   9.21,-177.30, -40.00,  10.42,-307.0000,-307.0000,   0.0000,   0.0000,   0.0000,   0.0000,   0.0000,-307.0000,   2.1500,   0.0000,-307.0000
11, 06,   13.000,   4.70,   9.21,-187.63, -49.21,   0.00,-307.0000,-307.0000,   0.0000,   0.0000,   0.0000,   0.0000,   0.0000,-307.0000,   2.1500,   0.0000,-307.0000
11, 06,   14.000,   4.70,   9.21,-196.83, -57.29,   0.00,-307.0000,-307.0000,   0.0000,   0.0000,   0.0000,   0.0000,   0.0000,-307.0000,   2.1500,   0.0000,-307.0000
11, 06,   15.000,   4.70,   9.21,-199.71, -58.99,   0.00,-307.0000,-307.0000,   0.0000,   0.0000,   0.0000,   0.0000,   0.0000,-307.0000,   2.1500,   0.0000,-307.0000
11, 06,   16.000,   4.70,   9.21,-200.22, -58.29,   0.00,-307.0000,-307.0000,   0.0000,   0.0000,   0.0000,   0.0000,   0.0000,-307.0000,   2.1500,   0.0000,-307.0000
11, 06,   17.000,   4.70,   9.21,-200.70, -57.57,   0.00,-307.0000,-307.0000,   0.0000,   0.0000,   0.0000,   0.0000,   0.0000,-307.0000,   2.1500,   0.0000,-307.0000
11, 06,   18.000,   4.70,   9.21,-201.16, -56.88,   0.00,-307.0000,-307.0000,   0.0000,   0.0000,   0.0000,   0.0000,   0.0000,-307.0000,   2.1500,   0.0000,-307.0000
11, 06,   19.000,   4.70,   9.21,-201.60, -56.28,   0.00,-307.0000,-307.0000,   0.0000,   0.0000,   0.0000,   0.0000,   0.0000,-307.0000,   2.1500,   0.0000,-307.0000
11, 06,   20.000,   4.70,   9.21,-202.02, -55.79,   0.00,-307.0000,-307.0000,   0.0000,   0.0000,   0.0000,   0.0000,   0.0000,-307.0000,   2.1500,   0.0000,-307.0000
11, 06,   21.000,   4.70,   9.21,-202.42, -55.41,   0.00,-307.0000,-307.0000,   0.0000,   0.0000,   0.0000,   0.0000,   0.0000,-307.0000,   2.1500,   0.0000,-307.0000
11, 06,   22.000,   4.70,   9.21,-202.80, -55.14,   0.00,-307.0000,-307.0000,   0.0000,   0.0000,   0.0000,   0.0000,   0.0000,-307.0000,   2.1500,   0.0000,-307.0000
11, 06,   23.000,   4.70,   9.21,-203.17, -54.93,   0.00,-307.0000,-307.0000,   0.0000,   0.0000,   0.0000,   0.0000,   0.0000,-307.0000,   2.1500,   0.0000,-307.0000
11, 06,   24.000,   4.70,   9.21,-203.52, -54.78,   0.00,-307.0000,-307.0000,   0.0000,   0.0000,   0.0000,   0.0000,   0.0000,-307.0000,   2.1500,   0.0000,-307.0000
11, 06,   25.000,   4.70,   9.21,-203.86, -54.66,   0.00,-307.0000,-307.0000,   0.0000,   0.0000,   0.0000,   0.0000,   0.0000,-307.0000,   2.1500,   0.0000,-307.0000
11, 06,   26.000,   4.70,   9.21,-204.19, -54.56,   0.00,-307.0000,-307.0000,   0.0000,   0.0000,   0.0000,   0.0000,   0.0000,-307.0000,   2.1500,   0.0000,-307.0000
11, 06,   27.000,   4.70,   9.21,-204.51, -54.47,   0.00,-307.0000,-307.0000,   0.0000,   0.0000,   0.0000,   0.0000,   0.0000,-307.0000,   2.1500,   0.0000,-307.0000
11, 06,   28.000,   4.70,   9.21,-204.81, -54.39,   0.00,-307.0000,-307.0000,   0.0000,   0.0000,   0.0000,   0.0000,   0.0000,-307.0000,   2.1500,   0.0000,-307.0000
11, 06,   29.000,   4.70,   9.21,-205.11, -54.32,   0.00,-307.0000,-307.0000,   0.0000,   0.0000,   0.0000,   0.0000,   0.0000,-307.0000,   2.1500,   0.0000,-307.0000
11, 06,   30.000,   4.70,   9.21,-205.40, -54.25,   0.00,-307.0000,-307.0000,   0.0000,   0.0000,   0.0000,   0.0000,   0.0000,-307.0000,   2.1500,   0.0000,-307.0000
11, 07,    2.000,   4.89,  12.40,-114.25,   5.51, 100.00,-307.0000,-307.0000,   0.0000,   0.0000,   0.0000,   0.0000,   0.0000,-307.0000,   2.1500,   0.0000,-307.0000
11, 07,    3.000,   4.89,  12.40,-115.37,   7.90, 100.00,-307.0000,-307.0000,   0.0000,   0.0000,   0.0000,   0.0000,   0.0000,-307.0000,   2.1500,   0.0000,-307.0000
11, 07,    4.000,   4.89,  12.40,-114.80,  10.75, 100.00,-307.0000,-307.0000,   0.0000,   0.0000,   0.0000,   0.0000,   0.0000,-307.0000,   2.1500,   0.0000,-307.0000
11, 07,    5.000,   4.89,  12.40,-115.12,  12.37, 100.00,-307.0000,-307.0000,   0.0000,   0.0000,   0.0000,   0.0000,   0.0000,-307.0000,   2.1500,   0.0000,-307.0000
11, 07,    6.000,   4.89,  12.40,-116.12,  13.27, 100.00,-307.0000,-307.0000,   0.0000,   0.0000,   0.0000,   0.0000,   0.0000,-307.0000,   2.1500,   0.0000,-307.0000
11, 07,    7.000,   4.89,  12.40,-117.31,  13.91, 100.00,-307.0000,-307.0000,   0.0000,   0.0000,   0.0000,   0.0000,   0.0000,-307.0000,   2.1500,   0.0000,-307.0000
11, 07,    8.000,   4.89,  12.40,-118.76,  14.12, 100.00,-307.0000,-307.0000,   0.0000,   0.0000,   0.0000,   0.0000,   0.0000,-307.0000,   2.1500,   0.0000,-307.0000
11, 07,    9.000,   4.89,  12.40,-119.61,  14.63, 100.00,-307.0000,-307.0000,   0.0000,   0.0000,   0.0000,   0.0000,   0.0000,-307.0000,   2.1500,   0.0000,-307.0000
11, 07,   10.000,   4.89,  12.40,-131.74,   3.55,  99.48,-307.0000,-307.0000,   0.0000,   0.0000,   0.0000,   0.0000,   0.0000,-307.0000,   2.1500,   0.0000,-307.0000
11, 07,   11.000,   4.89,  12.40,-139.77,  -3.62,  94.73,-307.0000,-307.0000,   0.0000,   0.0000,   0.0000,   0.0000,   0.0000,-307.0000,   2.1500,   0.0000,-307.0000
11, 07,   12.000,   4.89,  12.40,-147.75, -10.80,  91.75,-307.0000,-307.0000,   0.0000,   0.0000,   0.0000,   0.0000,   0.0000,-307.0000,   2.1500,   0.0000,-307.0000
11, 07,   13.000,   4.89,  12.40,-155.70, -17.87,  82.12,-307.0000,-307.0000,   0.0000,   0.0000,   0.0000,   0.0000,   0.0000,-307.0000,   2.1500,   0.0000,-307.0000
11, 07,   14.000,   4.89,  12.40,-163.61, -24.77,  67.60,-307.0000,-307.0000,   0.0000,   0.0000,   0.0000,   0.0000,   0.0000,-307.0000,   2.1500,   0.0000,-307.0000
11, 07,   15.000,   4.89,  12.40,-171.49, -31.51,  37.58,-307.0000,-307.0000,   0.0000,   0.0000,   0.0000,   0.0000,   0.0000,-307.0000,   2.1500,   0.0000,-307.0000
11, 07,   16.000,   4.89,  12.40,-179.34, -38.11,  13.74,-307.0000,-307.0000,   0.0000,   0.0000,   0.0000,   0.0000,   0.0000,-307.0000,   2.1500,   0.0000,-307.0000
11, 07,   17.000,   4.89,  12.40,-187.14, -44.61,   2.86,-307.0000,-307.0000,   0.0000,   0.0000,   0.0000,   0.0000,   0.0000,-307.0000,   2.1500,   0.0000,-307.0000
11, 07,   18.000,   4.89,  12.40,-194.81, -51.01,   0.00,-307.0000,-307.0000,   0.0000,   0.0000,   0.0000,   0.0000,   0.0000,-307.0000,   2.1500,   0.0000,-307.0000
11, 07,   19.000,   4.89,  12.40,-201.91, -56.95,   0.00,-307.0000,-307.0000,   0.0000,   0.0000,   0.0000,   0.0000,   0.0000,-307.0000,   2.1500,   0.0000,-307.0000
11, 07,   20.000,   4.89,  12.40,-204.28, -58.30,   0.00,-307.0000,-307.0000,   0.0000,   0.0000,   0.0000,   0.0000,   0.0000,-307.0000,   2.1500,   0.0000,-307.0000
11, 07,   21.000,   4.89,  12.40,-204.68, -57.83,   0.00,-307.0000,-307.0000,   0.0000,   0.0000,   0.0000,   0.0000,   0.0000,-307.0000,   2.1500,   0.0000,-307.0000
11, 07,   22.000,   4.89,  12.40,-205.07, -57.49,   0.00,-307.0000,-307.0000,   0.0000,   0.0000,   0.0000,   0.0000,   0.0000,-307.0000,   2.1500,   0.0000,-307.0000
11, 07,   23.000,   4.89,  12.40,-205.44, -57.25,   0.00,-307.0000,-307.0000,   0.0000,   0.0000,   0.0000,   0.0000,   0.0000,-307.0000,   2.1500,   0.0000,-307.0000
11, 07,   24.000,   4.89,  12.40,-205.79, -57.07,   0.00,-307.0000,-307.0000,   0.0000,   0.0000,   0.0000,   0.0000,   0.0000,-307.0000,   2.1500,   0.0000,-307.0000
11, 07,   25.000,   4.89,  12.40,-206.13, -56.94,   0.00,-307.0000,-307.0000,   0.0000,   0.0000,   0.0000,   0.0000,   0.0000,-307.0000,   2.1500,   0.0000,-307.0000
11, 07,   26.000,   4.89,  12.40,-206.46, -56.83,   0.00,-307.0000,-307.0000,   0.0000,   0.0000,   0.0000,   0.0000,   0.0000,-307.0000,   2.1500,   0.0000,-307.0000
11, 07,   27.000,   4.89,  12.40,-206.78, -56.74,   0.00,-307.0000,-307.0000,   0.0000,   0.0000,   0.0000,   0.0000,   0.0000,-307.0000,   2.1500,   0.0000,-307.0000
11, 07,   28.000,   4.89,  12.40,-207.08, -56.66,   0.00,-307.0000,-307.0000,   0.0000,   0.0000,   0.0000,   0.0000,   0.0000,-307.0000,   2.1500,   0.0000,-307.0000
11, 07,   29.000,   4.89,  12.40,-207.38, -56.59,   0.00,-307.0000,-307.0000,   0.0000,   0.0000,   0.0000,   0.0000,   0.0000,-307.0000,   2.1500,   0.0000,-307.0000
11, 07,   30.000,   4.89,  12.40,-207.66, -56.52,   0.00,-307.0000,-307.0000,   0.0000,   0.0000,   0.0000,   0.0000,   0.0000,-307.0000,   2.1500,   0.0000,-307.0000
11, 08,    2.000,   4.39,  15.50,-116.51,   5.43, 100.00,-307.0000,-307.0000,   0.0000,   0.0000,   0.0000,   0.0000,   0.0000,-307.0000,   2.1500,   0.0000,-307.0000
11, 08,    3.000,   4.39,  15.50,-116.66,   9.78, 100.00,-307.0000,-307.0000,   0.0000,   0.0000,   0.0000,   0.0000,   0.0000,-307.0000,   2.1500,   0.0000,-307.0000
11, 08,    4.000,   4.39,  15.50,-115.99,  13.55, 100.00,-307.0000,-307.0000,   0.0000,   0.0000,   0.0000,   0.0000,   0.0000,-307.0000,   2.1500,   0.0000,-307.0000
11, 08,    5.000,   4.39,  15.50,-116.50,  15.31, 100.00,-307.0000,-307.0000,   0.0000,   0.0000,   0.0000,   0.0000,   0.0000,-307.0000,   2.1500,   0.0000,-307.0000
11, 08,    6.000,   4.39,  15.50,-117.20,  16.27, 100.00,-307.0000,-307.0000,   0.0000,   0.0000,   0.0000,   0.0000,   0.0000,-307.0000,   2.1500,   0.0000,-307.0000
11, 08,    7.000,   4.39,  15.50,-118.06,  16.51, 100.00,-307.0000,-307.0000,   0.0000,   0.0000,   0.0000,   0.0000,   0.0000,-307.0000,   2.1500,   0.0000,-307.0000
11, 08,    8.000,   4.39,  15.50,-118.99,  16.21, 100.00,-307.0000,-307.0000,   0.0000,   0.0000,   0.0000,   0.0000,   0.0000,-307.0000,   2.1500,   0.0000,-307.0000
11, 08,    9.000,   4.39,  15.50,-120.11,  15.44, 100.00,-307.0000,-307.0000,   0.0000,   0.0000,   0.0000,   0.0000,   0.0000,-307.0000,   2.1500,   0.0000,-307.0000
11, 08,   10.000,   4.39,  15.50,-121.38,  14.41, 100.00,-307.0000,-307.0000,   0.0000,   0.0000,   0.0000,   0.0000,   0.0000,-307.0000,   2.1500,   0.0000,-307.0000
11, 08,   11.000,   4.39,  15.50,-121.79,  14.30, 100.00,-307.0000,-307.0000,   0.0000,   0.0000,   0.0000,   0.0000,   0.0000,-307.0000,   2.1500,   0.0000,-307.0000
11, 08,   12.000,   4.39,  15.50,-130.68,   5.90, 100.00,-307.0000,-307.0000,   0.0000,   0.0000,   0.0000,   0.0000,   0.0000,-307.0000,   2.1500,   0.0000,-307.0000
11, 08,   13.000,   4.39,  15.50,-137.04,   0.23,  97.52,-307.0000,-307.0000,   0.0000,   0.0000,   0.0000,   0.0000,   0.0000,-307.0000,   2.1500,   0.0000,-307.0000
11, 08,   14.000,   4.39,  15.50,-143.40,  -5.21,  93.54,-307.0000,-307.0000,   0.0000,   0.0000,   0.0000,   0.0000,   0.0000,-307.0000,   2.1500,   0.0000,-307.0000
11, 08,   15.000,   4.39,  15.50,-149.74, -10.45,  92.27,-307.0000,-307.0000,   0.0000,   0.0000,   0.0000,   0.0000,   0.0000,-307.0000,   2.1500,   0.0000,-307.0000
11, 08,   16.000,   4.39,  15.50,-156.08, -15.52,  85.99,-307.0000,-307.0000,   0.0000,   0.0000,   0.0000,   0.0000,   0.0000,-307.0000,   2.1500,   0.0000,-307.0000
11, 08,   17.000,   4.39,  15.50,-162.40, -20.49,  79.13,-307.0000,-307.0000,   0.0000,   0.0000,   0.0000,   0.0000,   0.0000,-307.0000,   2.1500,   0.0000,-307.0000
11, 08,   18.000,   4.39,  15.50,-168.70, -25.44,  65.53,-307.0000,-307.0000,   0.0000,   0.0000,   0.0000,   0.0000,   0.0000,-307.0000,   2.1500,   0.0000,-307.0000
11, 08,   19.000,   4.39,  15.50,-174.99, -30.45,  42.17,-307.0000,-307.0000,   0.0000,   0.0000,   0.0000,   0.0000,   0.0000,-307.0000,   2.1500,   0.0000,-307.0000
11, 08,   20.000,   4.39,  15.50,-181.26, -35.58,  19.54,-307.0000,-307.0000,   0.0000,   0.0000,   0.0000,   0.0000,   0.0000,-307.0000,   2.1500,   0.0000,-307.0000
11, 08,   21.000,   4.39,  15.50,-187.49, -40.84,   7.88,-307.0000,-307.0000,   0.0000,   0.0000,   0.0000,   0.0000,   0.0000,-307.0000,   2.1500,   0.0000,-307.0000
11, 08,   22.000,   4.39,  15.50,-193.67, -46.22,   0.52,-307.0000,-307.0000,   0.0000,   0.0000,   0.0000,   0.0000,   0.0000,-307.0000,   2.1500,   0.0000,-307.0000
11, 08,   23.000,   4.39,  15.50,-199.66, -51.54,   0.00,-307.0000,-307.0000,   0.0000,   0.0000,   0.0000,   0.0000,   0.0000,-307.0000,   2.1500,   0.0000,-307.0000
11, 08,   24.000,   4.39,  15.50,-205.06, -56.38,   0.00,-307.0000,-307.0000,   0.0000,   0.0000,   0.0000,   0.0000,   0.0000,-307.0000,   2.1500,   0.0000,-307.0000
11, 08,   25.000,   4.39,  15.50,-206.22, -57.05,   0.00,-307.0000,-307.0000,   0.0000,   0.0000,   0.0000,   0.0000,   0.0000,-307.0000,   2.1500,   0.0000,-307.0000
11, 08,   26.000,   4.39,  15.50,-206.54, -56.92,   0.00,-307.0000,-307.0000,   0.0000,   0.0000,   0.0000,   0.0000,   0.0000,-307.0000,   2.1500,   0.0000,-307.0000
11, 08,   27.000,   4.39,  15.50,-206.85, -56.82,   0.00,-307.0000,-307.0000,   0.0000,   0.0000,   0.0000,   0.0000,   0.0000,-307.0000,   2.1500,   0.0000,-307.0000
11, 08,   28.000,   4.39,  15.50,-207.15, -56.73,   0.00,-307.0000,-307.0000,   0.0000,   0.0000,   0.0000,   0.0000,   0.0000,-307.0000,   2.1500,   0.0000,-307.0000
11, 08,   29.000,   4.39,  15.50,-207.44, -56.65,   0.00,-307.0000,-307.0000,   0.0000,   0.0000,   0.0000,   0.0000,   0.0000,-307.0000,   2.1500,   0.0000,-307.0000
11, 08,   30.000,   4.39,  15.50,-207.72, -56.57,   0.00,-307.0000,-307.0000,   0.0000,   0.0000,   0.0000,   0.0000,   0.0000,-307.0000,   2.1500,   0.0000,-307.0000
11, 09,    2.000,   3.87,  14.39,-124.78,  -2.85, 100.00,-307.0000,-307.0000,   0.0000,   0.0000,   0.0000,   0.0000,   0.0000,-307.0000,   2.1500,   0.0000,-307.0000
11, 09,    3.000,   3.87,  14.39,-122.56,   3.86, 100.00,-307.0000,-307.0000,   0.0000,   0.0000,   0.0000,   0.0000,   0.0000,-307.0000,   2.1500,   0.0000,-307.0000
11, 09,    4.000,   3.87,  14.39,-121.09,   8.44, 100.00,-307.0000,-307.0000,   0.0000,   0.0000,   0.0000,   0.0000,   0.0000,-307.0000,   2.1500,   0.0000,-307.0000
11, 09,    5.000,   3.87,  14.39,-120.58,  11.22, 100.00,-307.0000,-307.0000,   0.0000,   0.0000,   0.0000,   0.0000,   0.0000,-307.0000,   2.1500,   0.0000,-307.0000
11, 09,    6.000,   3.87,  14.39,-120.74,  12.70, 100.00,-307.0000,-307.0000,   0.0000,   0.0000,   0.0000,   0.0000,   0.0000,-307.0000,   2.1500,   0.0000,-307.0000
11, 09,    7.000,   3.87,  14.39,-121.34,  13.17, 100.00,-307.0000,-307.0000,   0.0000,   0.0000,   0.0000,   0.0000,   0.0000,-307.0000,   2.1500,   0.0000,-307.0000
11, 09,    8.000,   3.87,  14.39,-122.17,  12.92, 100.00,-307.0000,-307.0000,   0.0000,   0.0000,   0.0000,   0.0000,   0.0000,-307.0000,   2.1500,   0.0000,-307.0000
11, 09,    9.000,   3.87,  14.39,-122.75,  12.60, 100.00,-307.0000,-307.0000,   0.0000,   0.0000,   0.0000,   0.0000,   0.0000,-307.0000,   2.1500,   0.0000,-307.0000
11, 09,   10.000,   3.87,  14.39,-124.04,  11.43, 100.00,-307.0000,-307.0000,   0.0000,   0.0000,   0.0000,   0.0000,   0.0000,-307.0000,   2.1500,   0.0000,-307.0000
11, 09,   11.000,   3.87,  14.39,-124.03,  11.61, 100.00,-307.0000,-307.0000,   0.0000,   0.0000,   0.0000,   0.0000,   0.0000,-307.0000,   2.1500,   0.0000,-307.0000
11, 09,   12.000,   3.87,  14.39,-137.75,  -1.78,  96.02,-307.0000,-307.0000,   0.0000,   0.0000,   0.0000,   0.0000,   0.0000,-307.0000,   2.1500,   0.0000,-307.0000
11, 09,   13.000,   3.87,  14.39,-144.24,  -7.72,  91.19,-307.0000,-307.0000,   0.0000,   0.0000,   0.0000,   0.0000,   0.0000,-307.0000,   2.1500,   0.0000,-307.0000
11, 09,   14.000,   3.87,  14.39,-150.83, -13.54,  88.44,-307.0000,-307.0000,   0.0000,   0.0000,   0.0000,   0.0000,   0.0000,-307.0000,   2.1500,   0.0000,-307.0000
11, 09,   15.000,   3.87,  14.39,-157.46, -19.17,  79.71,-307.0000,-307.0000,   0.0000,   0.0000,   0.0000,   0.0000,   0.0000,-307.0000,   2.1500,   0.0000,-307.0000
11, 09,   16.000,   3.87,  14.39,-164.12, -24.63,  68.00,-307.0000,-307.0000,   0.0000,   0.0000,   0.0000,   0.0000,   0.0000,-307.0000,   2.1500,   0.0000,-307.0000
11, 09,   17.000,   3.87,  14.39,-170.79, -29.96,  44.72,-307.0000,-307.0000,   0.0000,   0.0000,   0.0000,   0.0000,   0.0000,-307.0000,   2.1500,   0.0000,-307.0000
11, 09,   18.000,   3.87,  14.39,-177.46, -35.23,  21.05,-307.0000,-307.0000,   0.0000,   0.0000,   0.0000,   0.0000,   0.0000,-307.0000,   2.1500,   0.0000,-307.0000
11, 09,   19.000,   3.87,  14.39,-184.14, -40.49,   8.88,-307.0000,-307.0000,   0.0000,   0.0000,   0.0000,   0.0000,   0.0000,-307.0000,   2.1500,   0.0000,-307.0000
11, 09,   20.000,   3.87,  14.39,-190.77, -45.81,   1.24,-307.0000,-307.0000,   0.0000,   0.0000,   0.0000,   0.0000,   0.0000,-307.0000,   2.1500,   0.0000,-307.0000
11, 09,   21.000,   3.87,  14.39,-197.28, -51.15,   0.00,-307.0000,-307.0000,   0.0000,   0.0000,   0.0000,   0.0000,   0.0000,-307.0000,   2.1500,   0.0000,-307.0000
11, 09,   22.000,   3.87,  14.39,-203.34, -56.24,   0.00,-307.0000,-307.0000,   0.0000,   0.0000,   0.0000,   0.0000,   0.0000,-307.0000,   2.1500,   0.0000,-307.0000
11, 09,   23.000,   3.87,  14.39,-205.92, -58.01,   0.00,-307.0000,-307.0000,   0.0000,   0.0000,   0.0000,   0.0000,   0.0000,-307.0000,   2.1500,   0.0000,-307.0000
11, 09,   24.000,   3.87,  14.39,-206.23, -57.67,   0.00,-307.0000,-307.0000,   0.0000,   0.0000,   0.0000,   0.0000,   0.0000,-307.0000,   2.1500,   0.0000,-307.0000
11, 09,   25.000,   3.87,  14.39,-206.53, -57.42,   0.00,-307.0000,-307.0000,   0.0000,   0.0000,   0.0000,   0.0000,   0.0000,-307.0000,   2.1500,   0.0000,-307.0000
11, 09,   26.000,   3.87,  14.39,-206.83, -57.24,   0.00,-307.0000,-307.0000,   0.0000,   0.0000,   0.0000,   0.0000,   0.0000,-307.0000,   2.1500,   0.0000,-307.0000
11, 09,   27.000,   3.87,  14.39,-207.11, -57.10,   0.00,-307.0000,-307.0000,   0.0000,   0.0000,   0.0000,   0.0000,   0.0000,-307.0000,   2.1500,   0.0000,-307.0000
11, 09,   28.000,   3.87,  14.39,-207.39, -56.98,   0.00,-307.0000,-307.0000,   0.0000,   0.0000,   0.0000,   0.0000,   0.0000,-307.0000,   2.1500,   0.0000,-307.0000
11, 09,   29.000,   3.87,  14.39,-207.66, -56.87,   0.00,-307.0000,-307.0000,   0.0000,   0.0000,   0.0000,   0.0000,   0.0000,-307.0000,   2.1500,   0.0000,-307.0000
11, 09,   30.000,   3.87,  14.39,-207.92, -56.78,   0.00,-307.0000,-307.0000,   0.0000,   0.0000,   0.0000,   0.0000,   0.0000,-307.0000,   2.1500,   0.0000,-307.0000
11, 10,    2.000,   4.54,  13.92,-139.61, -17.68,  83.96,-307.0000,-307.0000,   0.0000,   0.0000,   0.0000,   0.0000,   0.0000,-307.0000,   2.1500,   0.0000,-307.0000
11, 10,    3.000,   4.54,  13.92,-132.66,  -6.24,  97.98,-307.0000,-307.0000,   0.0000,   0.0000,   0.0000,   0.0000,   0.0000,-307.0000,   2.1500,   0.0000,-307.0000
11, 10,    4.000,   4.54,  13.92,-129.28,   0.23, 100.00,-307.0000,-307.0000,   0.0000,   0.0000,   0.0000,   0.0000,   0.0000,-307.0000,   2.1500,   0.0000,-307.0000
11, 10,    5.000,   4.54,  13.92,-128.44,   3.34, 100.00,-307.0000,-307.0000,   0.0000,   0.0000,   0.0000,   0.0000,   0.0000,-307.0000,   2.1500,   0.0000,-307.0000
11, 10,    6.000,   4.54,  13.92,-127.64,   5.76, 100.00,-307.0000,-307.0000,   0.0000,   0.0000,   0.0000,   0.0000,   0.0000,-307.0000,   2.1500,   0.0000,-307.0000
11, 10,    7.000,   4.54,  13.92,-126.64,   7.80, 100.00,-307.0000,-307.0000,   0.0000,   0.0000,   0.0000,   0.0000,   0.0000,-307.0000,   2.1500,   0.0000,-307.0000
11, 10,    8.000,   4.54,  13.92,-126.51,   8.46, 100.00,-307.0000,-307.0000,   0.0000,   0.0000,   0.0000,   0.0000,   0.0000,-307.0000,   2.1500,   0.0000,-307.0000
11, 10,    9.000,   4.54,  13.92,-126.90,   8.25, 100.00,-307.0000,-307.0000,   0.0000,   0.0000,   0.0000,   0.0000,   0.0000,-307.0000,   2.1500,   0.0000,-307.0000
11, 10,   10.000,   4.54,  13.92,-127.32,   7.85, 100.00,-307.0000,-307.0000,   0.0000,   0.0000,   0.0000,   0.0000,   0.0000,-307.0000,   2.1500,   0.0000,-307.0000
11, 10,   11.000,   4.54,  13.92,-137.70,  -2.47,  95.40,-307.0000,-307.0000,   0.0000,   0.0000,   0.0000,   0.0000,   0.0000,-307.0000,   2.1500,   0.0000,-307.0000
11, 10,   12.000,   4.54,  13.92,-144.79,  -9.35,  89.48,-307.0000,-307.0000,   0.0000,   0.0000,   0.0000,   0.0000,   0.0000,-307.0000,   2.1500,   0.0000,-307.0000
11, 10,   13.000,   4.54,  13.92,-151.24, -15.36,  85.77,-307.0000,-307.0000,   0.0000,   0.0000,   0.0000,   0.0000,   0.0000,-307.0000,   2.1500,   0.0000,-307.0000
11, 10,   14.000,   4.54,  13.92,-157.40, -20.84,  76.17,-307.0000,-307.0000,   0.0000,   0.0000,   0.0000,   0.0000,   0.0000,-307.0000,   2.1500,   0.0000,-307.0000
11, 10,   15.000,   4.54,  13.92,-163.83, -26.35,  61.87,-307.0000,-307.0000,   0.0000,   0.0000,   0.0000,   0.0000,   0.0000,-307.0000,   2.1500,   0.0000,-307.0000
11, 10,   16.000,   4.54,  13.92,-170.44, -31.82,  36.45,-307.0000,-307.0000,   0.0000,   0.0000,   0.0000,   0.0000,   0.0000,-307.0000,   2.1500,   0.0000,-307.0000
11, 10,   17.000,   4.54,  13.92,-177.13, -37.18,  20.12,-307.0000,-307.0000,   0.0000,   0.0000,   0.0000,   0.0000,   0.0000,-307.0000,   2.1500,   0.0000,-307.0000
11, 10,   18.000,   4.54,  13.92,-183.87, -42.46,   6.11,-307.0000,-307.0000,   0.0000,   0.0000,   0.0000,   0.0000,   0.0000,-307.0000,   2.1500,   0.0000,-307.0000
11, 10,   19.000,   4.54,  13.92,-190.61, -47.71,   0.00,-307.0000,-307.0000,   0.0000,   0.0000,   0.0000,   0.0000,   0.0000,-307.0000,   2.1500,   0.0000,-307.0000
11, 10,   20.000,   4.54,  13.92,-197.32, -52.97,   0.00,-307.0000,-307.0000,   0.0000,   0.0000,   0.0000,   0.0000,   0.0000,-307.0000,   2.1500,   0.0000,-307.0000
11, 10,   21.000,   4.54,  13.92,-203.82, -58.16,   0.00,-307.0000,-307.0000,   0.0000,   0.0000,   0.0000,   0.0000,   0.0000,-307.0000,   2.1500,   0.0000,-307.0000
11, 10,   22.000,   4.54,  13.92,-208.14, -61.35,   0.00,-307.0000,-307.0000,   0.0000,   0.0000,   0.0000,   0.0000,   0.0000,-307.0000,   2.1500,   0.0000,-307.0000
11, 10,   23.000,   4.54,  13.92,-208.41, -60.70,   0.00,-307.0000,-307.0000,   0.0000,   0.0000,   0.0000,   0.0000,   0.0000,-307.0000,   2.1500,   0.0000,-307.0000
11, 10,   24.000,   4.54,  13.92,-208.68, -60.23,   0.00,-307.0000,-307.0000,   0.0000,   0.0000,   0.0000,   0.0000,   0.0000,-307.0000,   2.1500,   0.0000,-307.0000
11, 10,   25.000,   4.54,  13.92,-208.94, -59.89,   0.00,-307.0000,-307.0000,   0.0000,   0.0000,   0.0000,   0.0000,   0.0000,-307.0000,   2.1500,   0.0000,-307.0000
11, 10,   26.000,   4.54,  13.92,-209.19, -59.64,   0.00,-307.0000,-307.0000,   0.0000,   0.0000,   0.0000,   0.0000,   0.0000,-307.0000,   2.1500,   0.0000,-307.0000
11, 10,   27.000,   4.54,  13.92,-209.44, -59.44,   0.00,-307.0000,-307.0000,   0.0000,   0.0000,   0.0000,   0.0000,   0.0000,-307.0000,   2.1500,   0.0000,-307.0000
11, 10,   28.000,   4.54,  13.92,-209.69, -59.29,   0.00,-307.0000,-307.0000,   0.0000,   0.0000,   0.0000,   0.0000,   0.0000,-307.0000,   2.1500,   0.0000,-307.0000
11, 10,   29.000,   4.54,  13.92,-209.94, -59.16,   0.00,-307.0000,-307.0000,   0.0000,   0.0000,   0.0000,   0.0000,   0.0000,-307.0000,   2.1500,   0.0000,-307.0000
11, 10,   30.000,   4.54,  13.92,-210.18, -59.04,   0.00,-307.0000,-307.0000,   0.0000,   0.0000,   0.0000,   0.0000,   0.0000,-307.0000,   2.1500,   0.0000,-307.0000
11, 11,    2.000,   4.34,  14.54,-150.44, -28.52,  52.42,-307.0000,-307.0000,   0.0000,   0.0000,   0.0000,   0.0000,   0.0000,-307.0000,   2.1500,   0.0000,-307.0000
11, 11,    3.000,   4.34,  14.54,-138.82, -12.41,  91.73,-307.0000,-307.0000,   0.0000,   0.0000,   0.0000,   0.0000,   0.0000,-307.0000,   2.1500,   0.0000,-307.0000
11, 11,    4.000,   4.34,  14.54,-133.24,  -3.74, 100.00,-307.0000,-307.0000,   0.0000,   0.0000,   0.0000,   0.0000,   0.0000,-307.0000,   2.1500,   0.0000,-307.0000
11, 11,    5.000,   4.34,  14.54,-130.82,   0.94, 100.00,-307.0000,-307.0000,   0.0000,   0.0000,   0.0000,   0.0000,   0.0000,-307.0000,   2.1500,   0.0000,-307.0000
11, 11,    6.000,   4.34,  14.54,-129.82,   3.55, 100.00,-307.0000,-307.0000,   0.0000,   0.0000,   0.0000,   0.0000,   0.0000,-307.0000,   2.1500,   0.0000,-307.0000
11, 11,    7.000,   4.34,  14.54,-129.52,   4.86, 100.00,-307.0000,-307.0000,   0.0000,   0.0000,   0.0000,   0.0000,   0.0000,-307.0000,   2.1500,   0.0000,-307.0000
11, 11,    8.000,   4.34,  14.54,-129.59,   5.28, 100.00,-307.0000,-307.0000,   0.0000,   0.0000,   0.0000,   0.0000,   0.0000,-307.0000,   2.1500,   0.0000,-307.0000
11, 11,    9.000,   4.34,  14.54,-129.68,   5.28, 100.00,-307.0000,-307.0000,   0.0000,   0.0000,   0.0000,   0.0000,   0.0000,-307.0000,   2.1500,   0.0000,-307.0000
11, 11,   10.000,   4.34,  14.54,-129.88,   5.01, 100.00,-307.0000,-307.0000,   0.0000,   0.0000,   0.0000,   0.0000,   0.0000,-307.0000,   2.1500,   0.0000,-307.0000
11, 11,   11.000,   4.34,  14.54,-129.59,   5.26, 100.00,-307.0000,-307.0000,   0.0000,   0.0000,   0.0000,   0.0000,   0.0000,-307.0000,   2.1500,   0.0000,-307.0000
11, 11,   12.000,   4.34,  14.54,-142.78,  -7.80,  90.93,-307.0000,-307.0000,   0.0000,   0.0000,   0.0000,   0.0000,   0.0000,-307.0000,   2.1500,   0.0000,-307.0000
11, 11,   13.000,   4.34,  14.54,-149.23, -13.91,  84.24,-307.0000,-307.0000,   0.0000,   0.0000,   0.0000,   0.0000,   0.0000,-307.0000,   2.1500,   0.0000,-307.0000
11, 11,   14.000,   4.34,  14.54,-155.67, -19.74,  78.37,-307.0000,-307.0000,   0.0000,   0.0000,   0.0000,   0.0000,   0.0000,-307.0000,   2.1500,   0.0000,-307.0000
11, 11,   15.000,   4.34,  14.54,-161.68, -24.88,  65.77,-307.0000,-307.0000,   0.0000,   0.0000,   0.0000,   0.0000,   0.0000,-307.0000,   2.1500,   0.0000,-307.0000
11, 11,   16.000,   4.34,  14.54,-167.50, -29.59,  46.75,-307.0000,-307.0000,   0.0000,   0.0000,   0.0000,   0.0000,   0.0000,-307.0000,   2.1500,   0.0000,-307.0000
11, 11,   17.000,   4.34,  14.54,-173.62, -34.38,  27.54,-307.0000,-307.0000,   0.0000,   0.0000,   0.0000,   0.0000,   0.0000,-307.0000,   2.1500,   0.0000,-307.0000
11, 11,   18.000,   4.34,  14.54,-179.89, -39.18,  11.83,-307.0000,-307.0000,   0.0000,   0.0000,   0.0000,   0.0000,   0.0000,-307.0000,   2.1500,   0.0000,-307.0000
11, 11,   19.000,   4.34,  14.54,-186.23, -43.96,   3.94,-307.0000,-307.0000,   0.0000,   0.0000,   0.0000,   0.0000,   0.0000,-307.0000,   2.1500,   0.0000,-307.0000
11, 11,   20.000,   4.34,  14.54,-192.59, -48.78,   0.00,-307.0000,-307.0000,   0.0000,   0.0000,   0.0000,   0.0000,   0.0000,-307.0000,   2.1500,   0.0000,-307.0000
11, 11,   21.000,   4.34,  14.54,-198.93, -53.69,   0.00,-307.0000,-307.0000,   0.0000,   0.0000,   0.0000,   0.0000,   0.0000,-307.0000,   2.1500,   0.0000,-307.0000
11, 11,   22.000,   4.34,  14.54,-205.06, -58.57,   0.00,-307.0000,-307.0000,   0.0000,   0.0000,   0.0000,   0.0000,   0.0000,-307.0000,   2.1500,   0.0000,-307.0000
11, 11,   23.000,   4.34,  14.54,-208.98, -61.46,   0.00,-307.0000,-307.0000,   0.0000,   0.0000,   0.0000,   0.0000,   0.0000,-307.0000,   2.1500,   0.0000,-307.0000
11, 11,   24.000,   4.34,  14.54,-209.19, -60.86,   0.00,-307.0000,-307.0000,   0.0000,   0.0000,   0.0000,   0.0000,   0.0000,-307.0000,   2.1500,   0.0000,-307.0000
11, 11,   25.000,   4.34,  14.54,-209.41, -60.43,   0.00,-307.0000,-307.0000,   0.0000,   0.0000,   0.0000,   0.0000,   0.0000,-307.0000,   2.1500,   0.0000,-307.0000
11, 11,   26.000,   4.34,  14.54,-209.63, -60.11,   0.00,-307.0000,-307.0000,   0.0000,   0.0000,   0.0000,   0.0000,   0.0000,-307.0000,   2.1500,   0.0000,-307.0000
11, 11,   27.000,   4.34,  14.54,-209.85, -59.87,   0.00,-307.0000,-307.0000,   0.0000,   0.0000,   0.0000,   0.0000,   0.0000,-307.0000,   2.1500,   0.0000,-307.0000
11, 11,   28.000,   4.34,  14.54,-210.08, -59.68,   0.00,-307.0000,-307.0000,   0.0000,   0.0000,   0.0000,   0.0000,   0.0000,-307.0000,   2.1500,   0.0000,-307.0000
11, 11,   29.000,   4.34,  14.54,-210.29, -59.51,   0.00,-307.0000,-307.0000,   0.0000,   0.0000,   0.0000,   0.0000,   0.0000,-307.0000,   2.1500,   0.0000,-307.0000
11, 11,   30.000,   4.34,  14.54,-210.50, -59.36,   0.00,-307.0000,-307.0000,   0.0000,   0.0000,   0.0000,   0.0000,   0.0000,-307.0000,   2.1500,   0.0000,-307.0000
11, 12,    2.000,   4.09,  16.51,-163.97, -42.64,   5.54,-307.0000,-307.0000,   0.0000,   0.0000,   0.0000,   0.0000,   0.0000,-307.0000,   2.1500,   0.0000,-307.0000
11, 12,    3.000,   4.09,  16.51,-147.91, -22.18,  73.91,-307.0000,-307.0000,   0.0000,   0.0000,   0.0000,   0.0000,   0.0000,-307.0000,   2.1500,   0.0000,-307.0000
11, 12,    4.000,   4.09,  16.51,-140.77, -12.08,  91.27,-307.0000,-307.0000,   0.0000,   0.0000,   0.0000,   0.0000,   0.0000,-307.0000,   2.1500,   0.0000,-307.0000
11, 12,    5.000,   4.09,  16.51,-137.52,  -6.69,  96.83,-307.0000,-307.0000,   0.0000,   0.0000,   0.0000,   0.0000,   0.0000,-307.0000,   2.1500,   0.0000,-307.0000
11, 12,    6.000,   4.09,  16.51,-134.40,  -2.02, 100.00,-307.0000,-307.0000,   0.0000,   0.0000,   0.0000,   0.0000,   0.0000,-307.0000,   2.1500,   0.0000,-307.0000
11, 12,    7.000,   4.09,  16.51,-133.02,   0.41, 100.00,-307.0000,-307.0000,   0.0000,   0.0000,   0.0000,   0.0000,   0.0000,-307.0000,   2.1500,   0.0000,-307.0000
11, 12,    8.000,   4.09,  16.51,-132.39,   1.64, 100.00,-307.0000,-307.0000,   0.0000,   0.0000,   0.0000,   0.0000,   0.0000,-307.0000,   2.1500,   0.0000,-307.0000
11, 12,    9.000,   4.09,  16.51,-132.24,   2.03, 100.00,-307.0000,-307.0000,   0.0000,   0.0000,   0.0000,   0.0000,   0.0000,-307.0000,   2.1500,   0.0000,-307.0000
11, 12,   10.000,   4.09,  16.51,-132.15,   2.16, 100.00,-307.0000,-307.0000,   0.0000,   0.0000,   0.0000,   0.0000,   0.0000,-307.0000,   2.1500,   0.0000,-307.0000
11, 12,   11.000,   4.09,  16.51,-131.81,   2.51,  99.40,-307.0000,-307.0000,   0.0000,   0.0000,   0.0000,   0.0000,   0.0000,-307.0000,   2.1500,   0.0000,-307.0000
11, 12,   12.000,   4.09,  16.51,-131.40,   3.06,  99.79,-307.0000,-307.0000,   0.0000,   0.0000,   0.0000,   0.0000,   0.0000,-307.0000,   2.1500,   0.0000,-307.0000
11, 12,   13.000,   4.09,  16.51,-141.00,  -6.19,  92.42,-307.0000,-307.0000,   0.0000,   0.0000,   0.0000,   0.0000,   0.0000,-307.0000,   2.1500,   0.0000,-307.0000
11, 12,   14.000,   4.09,  16.51,-146.54, -11.14,  87.61,-307.0000,-307.0000,   0.0000,   0.0000,   0.0000,   0.0000,   0.0000,-307.0000,   2.1500,   0.0000,-307.0000
11, 12,   15.000,   4.09,  16.51,-152.09, -15.83,  81.71,-307.0000,-307.0000,   0.0000,   0.0000,   0.0000,   0.0000,   0.0000,-307.0000,   2.1500,   0.0000,-307.0000
11, 12,   16.000,   4.09,  16.51,-157.26, -19.89,  78.22,-307.0000,-307.0000,   0.0000,   0.0000,   0.0000,   0.0000,   0.0000,-307.0000,   2.1500,   0.0000,-307.0000
11, 12,   17.000,   4.09,  16.51,-162.26, -23.57,  69.70,-307.0000,-307.0000,   0.0000,   0.0000,   0.0000,   0.0000,   0.0000,-307.0000,   2.1500,   0.0000,-307.0000
11, 12,   18.000,   4.09,  16.51,-167.56, -27.37,  57.85,-307.0000,-307.0000,   0.0000,   0.0000,   0.0000,   0.0000,   0.0000,-307.0000,   2.1500,   0.0000,-307.0000
11, 12,   19.000,   4.09,  16.51,-173.01, -31.23,  38.75,-307.0000,-307.0000,   0.0000,   0.0000,   0.0000,   0.0000,   0.0000,-307.0000,   2.1500,   0.0000,-307.0000
11, 12,   20.000,   4.09,  16.51,-178.55, -35.17,  24.95,-307.0000,-307.0000,   0.0000,   0.0000,   0.0000,   0.0000,   0.0000,-307.0000,   2.1500,   0.0000,-307.0000
11, 12,   21.000,   4.09,  16.51,-184.13, -39.23,  11.17,-307.0000,-307.0000,   0.0000,   0.0000,   0.0000,   0.0000,   0.0000,-307.0000,   2.1500,   0.0000,-307.0000
11, 12,   22.000,   4.09,  16.51,-189.73, -43.51,   4.06,-307.0000,-307.0000,   0.0000,   0.0000,   0.0000,   0.0000,   0.0000,-307.0000,   2.1500,   0.0000,-307.0000
11, 12,   23.000,   4.09,  16.51,-195.35, -48.02,   0.00,-307.0000,-307.0000,   0.0000,   0.0000,   0.0000,   0.0000,   0.0000,-307.0000,   2.1500,   0.0000,-307.0000
11, 12,   24.000,   4.09,  16.51,-200.93, -52.72,   0.00,-307.0000,-307.0000,   0.0000,   0.0000,   0.0000,   0.0000,   0.0000,-307.0000,   2.1500,   0.0000,-307.0000
11, 12,   25.000,   4.09,  16.51,-206.31, -57.40,   0.00,-307.0000,-307.0000,   0.0000,   0.0000,   0.0000,   0.0000,   0.0000,-307.0000,   2.1500,   0.0000,-307.0000
11, 12,   26.000,   4.09,  16.51,-210.07, -60.59,   0.00,-307.0000,-307.0000,   0.0000,   0.0000,   0.0000,   0.0000,   0.0000,-307.0000,   2.1500,   0.0000,-307.0000
11, 12,   27.000,   4.09,  16.51,-210.25, -60.30,   0.00,-307.0000,-307.0000,   0.0000,   0.0000,   0.0000,   0.0000,   0.0000,-307.0000,   2.1500,   0.0000,-307.0000
11, 12,   28.000,   4.09,  16.51,-210.45, -60.07,   0.00,-307.0000,-307.0000,   0.0000,   0.0000,   0.0000,   0.0000,   0.0000,-307.0000,   2.1500,   0.0000,-307.0000
11, 12,   29.000,   4.09,  16.51,-210.64, -59.87,   0.00,-307.0000,-307.0000,   0.0000,   0.0000,   0.0000,   0.0000,   0.0000,-307.0000,   2.1500,   0.0000,-307.0000
11, 12,   30.000,   4.09,  16.51,-210.84, -59.70,   0.00,-307.0000,-307.0000,   0.0000,   0.0000,   0.0000,   0.0000,   0.0000,-307.0000,   2.1500,   0.0000,-307.0000
11, 13,    2.000,  12.12,  13.61,-183.46, -65.10,   0.00,-307.0000,-307.0000,   0.0000,   0.0000,   0.0000,   0.0000,   0.0000,-307.0000,   2.1500,   0.0000,-307.0000
11, 13,    3.000,  12.12,  13.61,-164.68, -42.21,   7.78,-307.0000,-307.0000,   0.0000,   0.0000,   0.0000,   0.0000,   0.0000,-307.0000,   2.1500,   0.0000,-307.0000
11, 13,    4.000,  12.12,  13.61,-155.74, -30.74,  39.80,-307.0000,-307.0000,   0.0000,   0.0000,   0.0000,   0.0000,   0.0000,-307.0000,   2.1500,   0.0000,-307.0000
11, 13,    5.000,  12.12,  13.61,-150.90, -24.08,  68.00,-307.0000,-307.0000,   0.0000,   0.0000,   0.0000,   0.0000,   0.0000,-307.0000,   2.1500,   0.0000,-307.0000
11, 13,    6.000,  12.12,  13.61,-146.31, -18.04,  81.75,-307.0000,-307.0000,   0.0000,   0.0000,   0.0000,   0.0000,   0.0000,-307.0000,   2.1500,   0.0000,-307.0000
11, 13,    7.000,  12.12,  13.61,-144.10, -14.62,  87.38,-307.0000,-307.0000,   0.0000,   0.0000,   0.0000,   0.0000,   0.0000,-307.0000,   2.1500,   0.0000,-307.0000
11, 13,    8.000,  12.12,  13.61,-142.23, -11.71,  91.34,-307.0000,-307.0000,   0.0000,   0.0000,   0.0000,   0.0000,   0.0000,-307.0000,   2.1500,   0.0000,-307.0000
11, 13,    9.000,  12.12,  13.61,-140.71,  -9.30,  94.17,-307.0000,-307.0000,   0.0000,   0.0000,   0.0000,   0.0000,   0.0000,-307.0000,   2.1500,   0.0000,-307.0000
11, 13,   10.000,  12.12,  13.61,-140.49,  -8.32,  91.05,-307.0000,-307.0000,   0.0000,   0.0000,   0.0000,   0.0000,   0.0000,-307.0000,   2.1500,   0.0000,-307.0000
11, 13,   11.000,  12.12,  13.61,-139.16,  -6.31,  93.02,-307.0000,-307.0000,   0.0000,   0.0000,   0.0000,   0.0000,   0.0000,-307.0000,   2.1500,   0.0000,-307.0000
11, 13,   12.000,  12.12,  13.61,-149.41, -15.88,  81.47,-307.0000,-307.0000,   0.0000,   0.0000,   0.0000,   0.0000,   0.0000,-307.0000,   2.1500,   0.0000,-307.0000
11, 13,   13.000,  12.12,  13.61,-153.95, -19.68,  75.30,-307.0000,-307.0000,   0.0000,   0.0000,   0.0000,   0.0000,   0.0000,-307.0000,   2.1500,   0.0000,-307.0000
11, 13,   14.000,  12.12,  13.61,-159.22, -24.08,  68.12,-307.0000,-307.0000,   0.0000,   0.0000,   0.0000,   0.0000,   0.0000,-307.0000,   2.1500,   0.0000,-307.0000
11, 13,   15.000,  12.12,  13.61,-164.86, -28.69,  51.47,-307.0000,-307.0000,   0.0000,   0.0000,   0.0000,   0.0000,   0.0000,-307.0000,   2.1500,   0.0000,-307.0000
11, 13,   16.000,  12.12,  13.61,-170.72, -33.33,  30.95,-307.0000,-307.0000,   0.0000,   0.0000,   0.0000,   0.0000,   0.0000,-307.0000,   2.1500,   0.0000,-307.0000
11, 13,   17.000,  12.12,  13.61,-176.70, -37.95,  18.50,-307.0000,-307.0000,   0.0000,   0.0000,   0.0000,   0.0000,   0.0000,-307.0000,   2.1500,   0.0000,-307.0000
11, 13,   18.000,  12.12,  13.61,-182.79, -42.55,  10.20,-307.0000,-307.0000,   0.0000,   0.0000,   0.0000,   0.0000,   0.0000,-307.0000,   2.1500,   0.0000,-307.0000
11, 13,   19.000,  12.12,  13.61,-188.94, -47.15,   0.24,-307.0000,-307.0000,   0.0000,   0.0000,   0.0000,   0.0000,   0.0000,-307.0000,   2.1500,   0.0000,-307.0000
11, 13,   20.000,  12.12,  13.61,-195.10, -51.77,   0.00,-307.0000,-307.0000,   0.0000,   0.0000,   0.0000,   0.0000,   0.0000,-307.0000,   2.1500,   0.0000,-307.0000
11, 13,   21.000,  12.12,  13.61,-201.15, -56.37,   0.00,-307.0000,-307.0000,   0.0000,   0.0000,   0.0000,   0.0000,   0.0000,-307.0000,   2.1500,   0.0000,-307.0000
11, 13,   22.000,  12.12,  13.61,-206.66, -60.59,   0.00,-307.0000,-307.0000,   0.0000,   0.0000,   0.0000,   0.0000,   0.0000,-307.0000,   2.1500,   0.0000,-307.0000
11, 13,   23.000,  12.12,  13.61,-210.72, -63.56,   0.00,-307.0000,-307.0000,   0.0000,   0.0000,   0.0000,   0.0000,   0.0000,-307.0000,   2.1500,   0.0000,-307.0000
11, 13,   24.000,  12.12,  13.61,-210.86, -62.81,   0.00,-307.0000,-307.0000,   0.0000,   0.0000,   0.0000,   0.0000,   0.0000,-307.0000,   2.1500,   0.0000,-307.0000
11, 13,   25.000,  12.12,  13.61,-211.00, -62.23,   0.00,-307.0000,-307.0000,   0.0000,   0.0000,   0.0000,   0.0000,   0.0000,-307.0000,   2.1500,   0.0000,-307.0000
11, 13,   26.000,  12.12,  13.61,-211.16, -61.79,   0.00,-307.0000,-307.0000,   0.0000,   0.0000,   0.0000,   0.0000,   0.0000,-307.0000,   2.1500,   0.0000,-307.0000
11, 13,   27.000,  12.12,  13.61,-211.33, -61.44,   0.00,-307.0000,-307.0000,   0.0000,   0.0000,   0.0000,   0.0000,   0.0000,-307.0000,   2.1500,   0.0000,-307.0000
11, 13,   28.000,  12.12,  13.61,-211.49, -61.16,   0.00,-307.0000,-307.0000,   0.0000,   0.0000,   0.0000,   0.0000,   0.0000,-307.0000,   2.1500,   0.0000,-307.0000
11, 13,   29.000,  12.12,  13.61,-211.67, -60.93,   0.00,-307.0000,-307.0000,   0.0000,   0.0000,   0.0000,   0.0000,   0.0000,-307.0000,   2.1500,   0.0000,-307.0000
11, 13,   30.000,  12.12,  13.61,-211.84, -60.73,   0.00,-307.0000,-307.0000,   0.0000,   0.0000,   0.0000,   0.0000,   0.0000,-307.0000,   2.1500,   0.0000,-307.0000
11, 14,    2.000,  11.68,  16.96,-188.72, -72.10,   0.00,-307.0000,-307.0000,   0.0000,   0.0000,   0.0000,   0.0000,   0.0000,-307.0000,   2.1500,   0.0000,-307.0000
11, 14,    3.000,  11.68,  16.96,-168.03, -47.41,   2.37,-307.0000,-307.0000,   0.0000,   0.0000,   0.0000,   0.0000,   0.0000,-307.0000,   2.1500,   0.0000,-307.0000
11, 14,    4.000,  11.68,  16.96,-159.42, -36.38,  20.32,-307.0000,-307.0000,   0.0000,   0.0000,   0.0000,   0.0000,   0.0000,-307.0000,   2.1500,   0.0000,-307.0000
11, 14,    5.000,  11.68,  16.96,-154.11, -29.33,  47.94,-307.0000,-307.0000,   0.0000,   0.0000,   0.0000,   0.0000,   0.0000,-307.0000,   2.1500,   0.0000,-307.0000
11, 14,    6.000,  11.68,  16.96,-150.08, -23.89,  68.68,-307.0000,-307.0000,   0.0000,   0.0000,   0.0000,   0.0000,   0.0000,-307.0000,   2.1500,   0.0000,-307.0000
11, 14,    7.000,  11.68,  16.96,-147.46, -20.02,  78.24,-307.0000,-307.0000,   0.0000,   0.0000,   0.0000,   0.0000,   0.0000,-307.0000,   2.1500,   0.0000,-307.0000
11, 14,    8.000,  11.68,  16.96,-144.10, -15.49,  86.39,-307.0000,-307.0000,   0.0000,   0.0000,   0.0000,   0.0000,   0.0000,-307.0000,   2.1500,   0.0000,-307.0000
11, 14,    9.000,  11.68,  16.96,-140.97, -11.27,  92.10,-307.0000,-307.0000,   0.0000,   0.0000,   0.0000,   0.0000,   0.0000,-307.0000,   2.1500,   0.0000,-307.0000
11, 14,   10.000,  11.68,  16.96,-138.58,  -7.84,  95.84,-307.0000,-307.0000,   0.0000,   0.0000,   0.0000,   0.0000,   0.0000,-307.0000,   2.1500,   0.0000,-307.0000
11, 14,   11.000,  11.68,  16.96,-137.55,  -5.79,  97.84,-307.0000,-307.0000,   0.0000,   0.0000,   0.0000,   0.0000,   0.0000,-307.0000,   2.1500,   0.0000,-307.0000
11, 14,   12.000,  11.68,  16.96,-137.98,  -5.22,  94.12,-307.0000,-307.0000,   0.0000,   0.0000,   0.0000,   0.0000,   0.0000,-307.0000,   2.1500,   0.0000,-307.0000
11, 14,   13.000,  11.68,  16.96,-136.55,  -2.76,  96.16,-307.0000,-307.0000,   0.0000,   0.0000,   0.0000,   0.0000,   0.0000,-307.0000,   2.1500,   0.0000,-307.0000
11, 14,   14.000,  11.68,  16.96,-135.56,  -0.67,  97.74,-307.0000,-307.0000,   0.0000,   0.0000,   0.0000,   0.0000,   0.0000,-307.0000,   2.1500,   0.0000,-307.0000
11, 14,   15.000,  11.68,  16.96,-147.13, -11.04,  87.94,-307.0000,-307.0000,   0.0000,   0.0000,   0.0000,   0.0000,   0.0000,-307.0000,   2.1500,   0.0000,-307.0000
11, 14,   16.000,  11.68,  16.96,-151.70, -14.30,  84.05,-307.0000,-307.0000,   0.0000,   0.0000,   0.0000,   0.0000,   0.0000,-307.0000,   2.1500,   0.0000,-307.0000
11, 14,   17.000,  11.68,  16.96,-156.41, -17.60,  82.73,-307.0000,-307.0000,   0.0000,   0.0000,   0.0000,   0.0000,   0.0000,-307.0000,   2.1500,   0.0000,-307.0000
11, 14,   18.000,  11.68,  16.96,-161.23, -20.93,  76.39,-307.0000,-307.0000,   0.0000,   0.0000,   0.0000,   0.0000,   0.0000,-307.0000,   2.1500,   0.0000,-307.0000
11, 14,   19.000,  11.68,  16.96,-166.13, -24.33,  67.81,-307.0000,-307.0000,   0.0000,   0.0000,   0.0000,   0.0000,   0.0000,-307.0000,   2.1500,   0.0000,-307.0000
11, 14,   20.000,  11.68,  16.96,-171.09, -27.81,  56.02,-307.0000,-307.0000,   0.0000,   0.0000,   0.0000,   0.0000,   0.0000,-307.0000,   2.1500,   0.0000,-307.0000
11, 14,   21.000,  11.68,  16.96,-176.10, -31.42,  37.76,-307.0000,-307.0000,   0.0000,   0.0000,   0.0000,   0.0000,   0.0000,-307.0000,   2.1500,   0.0000,-307.0000
11, 14,   22.000,  11.68,  16.96,-181.14, -35.22,  24.60,-307.0000,-307.0000,   0.0000,   0.0000,   0.0000,   0.0000,   0.0000,-307.0000,   2.1500,   0.0000,-307.0000
11, 14,   23.000,  11.68,  16.96,-186.19, -39.19,  10.96,-307.0000,-307.0000,   0.0000,   0.0000,   0.0000,   0.0000,   0.0000,-307.0000,   2.1500,   0.0000,-307.0000
11, 14,   24.000,  11.68,  16.96,-191.24, -43.35,   4.09,-307.0000,-307.0000,   0.0000,   0.0000,   0.0000,   0.0000,   0.0000,-307.0000,   2.1500,   0.0000,-307.0000
11, 14,   25.000,  11.68,  16.96,-196.28, -47.63,   0.00,-307.0000,-307.0000,   0.0000,   0.0000,   0.0000,   0.0000,   0.0000,-307.0000,   2.1500,   0.0000,-307.0000
11, 14,   26.000,  11.68,  16.96,-201.22, -51.95,   0.00,-307.0000,-307.0000,   0.0000,   0.0000,   0.0000,   0.0000,   0.0000,-307.0000,   2.1500,   0.0000,-307.0000
11, 14,   27.000,  11.68,  16.96,-205.87, -56.06,   0.00,-307.0000,-307.0000,   0.0000,   0.0000,   0.0000,   0.0000,   0.0000,-307.0000,   2.1500,   0.0000,-307.0000
11, 14,   28.000,  11.68,  16.96,-209.82, -59.54,   0.00,-307.0000,-307.0000,   0.0000,   0.0000,   0.0000,   0.0000,   0.0000,-307.0000,   2.1500,   0.0000,-307.0000
11, 14,   29.000,  11.68,  16.96,-211.83, -61.13,   0.00,-307.0000,-307.0000,   0.0000,   0.0000,   0.0000,   0.0000,   0.0000,-307.0000,   2.1500,   0.0000,-307.0000
11, 14,   30.000,  11.68,  16.96,-211.99, -60.90,   0.00,-307.0000,-307.0000,   0.0000,   0.0000,   0.0000,   0.0000,   0.0000,-307.0000,   2.1500,   0.0000,-307.0000
11, 15,    2.000,  11.38,  20.41,-192.18, -76.80,   0.00,-307.0000,-307.0000,   0.0000,   0.0000,   0.0000,   0.0000,   0.0000,-307.0000,   2.1500,   0.0000,-307.0000
11, 15,    3.000,  11.38,  20.41,-171.21, -51.89,   0.00,-307.0000,-307.0000,   0.0000,   0.0000,   0.0000,   0.0000,   0.0000,-307.0000,   2.1500,   0.0000,-307.0000
11, 15,    4.000,  11.38,  20.41,-162.92, -41.23,  11.25,-307.0000,-307.0000,   0.0000,   0.0000,   0.0000,   0.0000,   0.0000,-307.0000,   2.1500,   0.0000,-307.0000
11, 15,    5.000,  11.38,  20.41,-156.49, -33.09,  30.75,-307.0000,-307.0000,   0.0000,   0.0000,   0.0000,   0.0000,   0.0000,-307.0000,   2.1500,   0.0000,-307.0000
11, 15,    6.000,  11.38,  20.41,-153.48, -28.69,  51.46,-307.0000,-307.0000,   0.0000,   0.0000,   0.0000,   0.0000,   0.0000,-307.0000,   2.1500,   0.0000,-307.0000
11, 15,    7.000,  11.38,  20.41,-150.70, -24.63,  66.79,-307.0000,-307.0000,   0.0000,   0.0000,   0.0000,   0.0000,   0.0000,-307.0000,   2.1500,   0.0000,-307.0000
11, 15,    8.000,  11.38,  20.41,-145.87, -18.59,  81.37,-307.0000,-307.0000,   0.0000,   0.0000,   0.0000,   0.0000,   0.0000,-307.0000,   2.1500,   0.0000,-307.0000
11, 15,    9.000,  11.38,  20.41,-141.83, -13.36,  89.68,-307.0000,-307.0000,   0.0000,   0.0000,   0.0000,   0.0000,   0.0000,-307.0000,   2.1500,   0.0000,-307.0000
11, 15,   10.000,  17.60,  20.41,-138.63,  -8.96,  94.88,-307.0000,-307.0000,   0.0000,   0.0000,   0.0000,   0.0000,   0.0000,-307.0000,   2.1500,   0.0000,-307.0000
11, 15,   11.000,  11.38,  20.41,-136.25,  -5.37,  98.30,-307.0000,-307.0000,   0.0000,   0.0000,   0.0000,   0.0000,   0.0000,-307.0000,   2.1500,   0.0000,-307.0000
11, 15,   12.000,  11.38,  20.41,-134.84,  -2.73, 100.00,-307.0000,-307.0000,   0.0000,   0.0000,   0.0000,   0.0000,   0.0000,-307.0000,   2.1500,   0.0000,-307.0000
11, 15,   13.000,  11.38,  20.41,-134.43,  -1.07, 100.00,-307.0000,-307.0000,   0.0000,   0.0000,   0.0000,   0.0000,   0.0000,-307.0000,   2.1500,   0.0000,-307.0000
11, 15,   14.000,  11.38,  20.41,-133.63,   1.03,  98.94,-307.0000,-307.0000,   0.0000,   0.0000,   0.0000,   0.0000,   0.0000,-307.0000,   2.1500,   0.0000,-307.0000
11, 15,   15.000,  11.38,  20.41,-134.95,   1.06,  99.03,-307.0000,-307.0000,   0.0000,   0.0000,   0.0000,   0.0000,   0.0000,-307.0000,   2.1500,   0.0000,-307.0000
11, 15,   16.000,  11.38,  20.41,-134.66,   2.75, 100.00,-307.0000,-307.0000,   0.0000,   0.0000,   0.0000,   0.0000,   0.0000,-307.0000,   2.1500,   0.0000,-307.0000
11, 15,   17.000,  11.38,  20.41,-134.45,   4.42, 100.00,-307.0000,-307.0000,   0.0000,   0.0000,   0.0000,   0.0000,   0.0000,-307.0000,   2.1500,   0.0000,-307.0000
11, 15,   18.000,  11.38,  20.41,-146.30,  -5.95,  93.18,-307.0000,-307.0000,   0.0000,   0.0000,   0.0000,   0.0000,   0.0000,-307.0000,   2.1500,   0.0000,-307.0000
11, 15,   19.000,  11.38,  20.41,-150.37,  -8.55,  90.86,-307.0000,-307.0000,   0.0000,   0.0000,   0.0000,   0.0000,   0.0000,-307.0000,   2.1500,   0.0000,-307.0000
11, 15,   20.000,  11.38,  20.41,-154.48, -11.24,  88.09,-307.0000,-307.0000,   0.0000,   0.0000,   0.0000,   0.0000,   0.0000,-307.0000,   2.1500,   0.0000,-307.0000
11, 15,   21.000,  11.38,  20.41,-158.64, -14.07,  88.43,-307.0000,-307.0000,   0.0000,   0.0000,   0.0000,   0.0000,   0.0000,-307.0000,   2.1500,   0.0000,-307.0000
11, 15,   22.000,  11.38,  20.41,-162.82, -17.05,  84.07,-307.0000,-307.0000,   0.0000,   0.0000,   0.0000,   0.0000,   0.0000,-307.0000,   2.1500,   0.0000,-307.0000
11, 15,   23.000,  11.38,  20.41,-167.03, -20.19,  78.32,-307.0000,-307.0000,   0.0000,   0.0000,   0.0000,   0.0000,   0.0000,-307.0000,   2.1500,   0.0000,-307.0000
11, 15,   24.000,  11.38,  20.41,-171.25, -23.51,  72.02,-307.0000,-307.0000,   0.0000,   0.0000,   0.0000,   0.0000,   0.0000,-307.0000,   2.1500,   0.0000,-307.0000
11, 15,   25.000,  11.38,  20.41,-175.49, -26.98,  59.84,-307.0000,-307.0000,   0.0000,   0.0000,   0.0000,   0.0000,   0.0000,-307.0000,   2.1500,   0.0000,-307.0000
11, 15,   26.000,  11.38,  20.41,-179.75, -30.57,  41.51,-307.0000,-307.0000,   0.0000,   0.0000,   0.0000,   0.0000,   0.0000,-307.0000,   2.1500,   0.0000,-307.0000
11, 15,   27.000,  11.38,  20.41,-184.00, -34.27,  27.23,-307.0000,-307.0000,   0.0000,   0.0000,   0.0000,   0.0000,   0.0000,-307.0000,   2.1500,   0.0000,-307.0000
11, 15,   28.000,  11.38,  20.41,-188.27, -38.04,  13.15,-307.0000,-307.0000,   0.0000,   0.0000,   0.0000,   0.0000,   0.0000,-307.0000,   2.1500,   0.0000,-307.0000
11, 15,   29.000,  11.38,  20.41,-192.53, -41.86,   6.10,-307.0000,-307.0000,   0.0000,   0.0000,   0.0000,   0.0000,   0.0000,-307.0000,   2.1500,   0.0000,-307.0000
11, 15,   30.000,  11.38,  20.41,-196.76, -45.69,   1.02,-307.0000,-307.0000,   0.0000,   0.0000,   0.0000,   0.0000,   0.0000,-307.0000,   2.1500,   0.0000,-307.0000
11, 16,    2.000,  11.25,  22.85,-185.92, -72.40,   0.00,-307.0000,-307.0000,   0.0000,   0.0000,   0.0000,   0.0000,   0.0000,-307.0000,   2.1500,   0.0000,-307.0000
11, 16,    3.000,  11.25,  22.85,-166.24, -48.66,   2.91,-307.0000,-307.0000,   0.0000,   0.0000,   0.0000,   0.0000,   0.0000,-307.0000,   2.1500,   0.0000,-307.0000
11, 16,    4.000,  11.25,  22.85,-157.98, -37.89,  18.29,-307.0000,-307.0000,   0.0000,   0.0000,   0.0000,   0.0000,   0.0000,-307.0000,   2.1500,   0.0000,-307.0000
11, 16,    5.000,  11.25,  22.85,-153.98, -32.03,  35.15,-307.0000,-307.0000,   0.0000,   0.0000,   0.0000,   0.0000,   0.0000,-307.0000,   2.1500,   0.0000,-307.0000
11, 16,    6.000,  11.25,  22.85,-152.35, -28.86,  50.68,-307.0000,-307.0000,   0.0000,   0.0000,   0.0000,   0.0000,   0.0000,-307.0000,   2.1500,   0.0000,-307.0000
11, 16,    7.000,  11.25,  22.85,-148.88, -23.99,  68.77,-307.0000,-307.0000,   0.0000,   0.0000,   0.0000,   0.0000,   0.0000,-307.0000,   2.1500,   0.0000,-307.0000
11, 16,    8.000,  17.45,  22.85,-142.75, -16.52,  85.00,-307.0000,-307.0000,   0.0000,   0.0000,   0.0000,   0.0000,   0.0000,-307.0000,   2.1500,   0.0000,-307.0000
11, 16,    9.000,  17.45,  22.85,-138.29, -10.74,  92.90,-307.0000,-307.0000,   0.0000,   0.0000,   0.0000,   0.0000,   0.0000,-307.0000,   2.1500,   0.0000,-307.0000
11, 16,   10.000,  17.45,  22.85,-134.96,  -6.08,  97.63,-307.0000,-307.0000,   0.0000,   0.0000,   0.0000,   0.0000,   0.0000,-307.0000,   2.1500,   0.0000,-307.0000
11, 16,   11.000,  11.25,  22.85,-132.60,  -2.36, 100.00,-307.0000,-307.0000,   0.0000,   0.0000,   0.0000,   0.0000,   0.0000,-307.0000,   2.1500,   0.0000,-307.0000
11, 16,   12.000,  11.25,  22.85,-131.08,   0.55, 100.00,-307.0000,-307.0000,   0.0000,   0.0000,   0.0000,   0.0000,   0.0000,-307.0000,   2.1500,   0.0000,-307.0000
11, 16,   13.000,  11.25,  22.85,-130.47,   2.60, 100.00,-307.0000,-307.0000,   0.0000,   0.0000,   0.0000,   0.0000,   0.0000,-307.0000,   2.1500,   0.0000,-307.0000
11, 16,   14.000,  11.25,  22.85,-130.53,   3.99, 100.00,-307.0000,-307.0000,   0.0000,   0.0000,   0.0000,   0.0000,   0.0000,-307.0000,   2.1500,   0.0000,-307.0000
11, 16,   15.000,  11.25,  22.85,-130.14,   5.87, 100.00,-307.0000,-307.0000,   0.0000,   0.0000,   0.0000,   0.0000,   0.0000,-307.0000,   2.1500,   0.0000,-307.0000
11, 16,   16.000,  11.25,  22.85,-131.50,   6.00, 100.00,-307.0000,-307.0000,   0.0000,   0.0000,   0.0000,   0.0000,   0.0000,-307.0000,   2.1500,   0.0000,-307.0000
11, 16,   17.000,  11.25,  22.85,-131.57,   7.42, 100.00,-307.0000,-307.0000,   0.0000,   0.0000,   0.0000,   0.0000,   0.0000,-307.0000,   2.1500,   0.0000,-307.0000
11, 16,   18.000,  11.25,  22.85,-131.56,   8.90, 100.00,-307.0000,-307.0000,   0.0000,   0.0000,   0.0000,   0.0000,   0.0000,-307.0000,   2.1500,   0.0000,-307.0000
11, 16,   19.000,  11.25,  22.85,-131.56,  10.34, 100.00,-307.0000,-307.0000,   0.0000,   0.0000,   0.0000,   0.0000,   0.0000,-307.0000,   2.1500,   0.0000,-307.0000
11, 16,   20.000,  11.25,  22.85,-142.99,   0.27,  98.01,-307.0000,-307.0000,   0.0000,   0.0000,   0.0000,   0.0000,   0.0000,-307.0000,   2.1500,   0.0000,-307.0000
11, 16,   21.000,  11.25,  22.85,-146.73,  -2.19,  96.33,-307.0000,-307.0000,   0.0000,   0.0000,   0.0000,   0.0000,   0.0000,-307.0000,   2.1500,   0.0000,-307.0000
11, 16,   22.000,  11.25,  22.85,-150.50,  -4.80,  94.35,-307.0000,-307.0000,   0.0000,   0.0000,   0.0000,   0.0000,   0.0000,-307.0000,   2.1500,   0.0000,-307.0000
11, 16,   23.000,  11.25,  22.85,-154.29,  -7.55,  95.76,-307.0000,-307.0000,   0.0000,   0.0000,   0.0000,   0.0000,   0.0000,-307.0000,   2.1500,   0.0000,-307.0000
11, 16,   24.000,  11.25,  22.85,-158.09, -10.44,  92.94,-307.0000,-307.0000,   0.0000,   0.0000,   0.0000,   0.0000,   0.0000,-307.0000,   2.1500,   0.0000,-307.0000
11, 16,   25.000,  11.25,  22.85,-161.90, -13.47,  89.41,-307.0000,-307.0000,   0.0000,   0.0000,   0.0000,   0.0000,   0.0000,-307.0000,   2.1500,   0.0000,-307.0000
11, 16,   26.000,  11.25,  22.85,-165.72, -16.62,  84.94,-307.0000,-307.0000,   0.0000,   0.0000,   0.0000,   0.0000,   0.0000,-307.0000,   2.1500,   0.0000,-307.0000
11, 16,   27.000,  11.25,  22.85,-169.55, -19.86,  81.10,-307.0000,-307.0000,   0.0000,   0.0000,   0.0000,   0.0000,   0.0000,-307.0000,   2.1500,   0.0000,-307.0000
11, 16,   28.000,  11.25,  22.85,-173.38, -23.19,  73.07,-307.0000,-307.0000,   0.0000,   0.0000,   0.0000,   0.0000,   0.0000,-307.0000,   2.1500,   0.0000,-307.0000
11, 16,   29.000,  11.25,  22.85,-177.22, -26.57,  61.59,-307.0000,-307.0000,   0.0000,   0.0000,   0.0000,   0.0000,   0.0000,-307.0000,   2.1500,   0.0000,-307.0000
11, 16,   30.000,  11.25,  22.85,-181.06, -30.00,  44.35,-307.0000,-307.0000,   0.0000,   0.0000,   0.0000,   0.0000,   0.0000,-307.0000,   2.1500,   0.0000,-307.0000
11, 17,    2.000,   3.51,  29.22,-165.22, -55.92,   0.00,-307.0000,-307.0000,   0.0000,   0.0000,   0.0000,   0.0000,   0.0000,-307.0000,   2.1500,   0.0000,-307.0000
11, 17,    3.000,   3.51,  29.22,-147.85, -34.13,  28.87,-307.0000,-307.0000,   0.0000,   0.0000,   0.0000,   0.0000,   0.0000,-307.0000,   2.1500,   0.0000,-307.0000
11, 17,    4.000,   3.51,  29.22,-141.00, -24.26,  67.10,-307.0000,-307.0000,   0.0000,   0.0000,   0.0000,   0.0000,   0.0000,-307.0000,   2.1500,   0.0000,-307.0000
11, 17,    5.000,   3.51,  29.22,-137.74, -18.55,  80.60,-307.0000,-307.0000,   0.0000,   0.0000,   0.0000,   0.0000,   0.0000,-307.0000,   2.1500,   0.0000,-307.0000
11, 17,    6.000,   3.51,  29.22,-135.99, -14.65,  87.30,-307.0000,-307.0000,   0.0000,   0.0000,   0.0000,   0.0000,   0.0000,-307.0000,   2.1500,   0.0000,-307.0000
11, 17,    7.000,   3.51,  29.22,-135.00, -11.69,  91.48,-307.0000,-307.0000,   0.0000,   0.0000,   0.0000,   0.0000,   0.0000,-307.0000,   2.1500,   0.0000,-307.0000
11, 17,    8.000,   3.51,  29.22,-134.20,  -9.04,  94.66,-307.0000,-307.0000,   0.0000,   0.0000,   0.0000,   0.0000,   0.0000,-307.0000,   2.1500,   0.0000,-307.0000
11, 17,    9.000,   3.51,  29.22,-132.76,  -5.85,  97.84,-307.0000,-307.0000,   0.0000,   0.0000,   0.0000,   0.0000,   0.0000,-307.0000,   2.1500,   0.0000,-307.0000
11, 17,   10.000,   3.51,  29.22,-131.28,  -2.67, 100.00,-307.0000,-307.0000,   0.0000,   0.0000,   0.0000,   0.0000,   0.0000,-307.0000,   2.1500,   0.0000,-307.0000
11, 17,   11.000,   3.51,  29.22,-129.32,   0.93, 100.00,-307.0000,-307.0000,   0.0000,   0.0000,   0.0000,   0.0000,   0.0000,-307.0000,   2.1500,   0.0000,-307.0000
11, 17,   12.000,   3.51,  29.22,-127.53,   4.34, 100.00,-307.0000,-307.0000,   0.0000,   0.0000,   0.0000,   0.0000,   0.0000,-307.0000,   2.1500,   0.0000,-307.0000
11, 17,   13.000,   3.51,  29.22,-126.51,   6.95, 100.00,-307.0000,-307.0000,   0.0000,   0.0000,   0.0000,   0.0000,   0.0000,-307.0000,   2.1500,   0.0000,-307.0000
11, 17,   14.000,   3.51,  29.22,-126.08,   8.95, 100.00,-307.0000,-307.0000,   0.0000,   0.0000,   0.0000,   0.0000,   0.0000,-307.0000,   2.1500,   0.0000,-307.0000
11, 17,   15.000,   3.51,  29.22,-126.02,  10.58, 100.00,-307.0000,-307.0000,   0.0000,   0.0000,   0.0000,   0.0000,   0.0000,-307.0000,   2.1500,   0.0000,-307.0000
11, 17,   16.000,   3.51,  29.22,-125.79,  12.35, 100.00,-307.0000,-307.0000,   0.0000,   0.0000,   0.0000,   0.0000,   0.0000,-307.0000,   2.1500,   0.0000,-307.0000
11, 17,   17.000,   3.51,  29.22,-126.27,  13.38, 100.00,-307.0000,-307.0000,   0.0000,   0.0000,   0.0000,   0.0000,   0.0000,-307.0000,   2.1500,   0.0000,-307.0000
11, 17,   18.000,   3.51,  29.22,-126.32,  14.79, 100.00,-307.0000,-307.0000,   0.0000,   0.0000,   0.0000,   0.0000,   0.0000,-307.0000,   2.1500,   0.0000,-307.0000
11, 17,   19.000,   3.51,  29.22,-126.40,  16.10, 100.00,-307.0000,-307.0000,   0.0000,   0.0000,   0.0000,   0.0000,   0.0000,-307.0000,   2.1500,   0.0000,-307.0000
11, 17,   20.000,   3.51,  29.22,-126.50,  17.31, 100.00,-307.0000,-307.0000,   0.0000,   0.0000,   0.0000,   0.0000,   0.0000,-307.0000,   2.1500,   0.0000,-307.0000
11, 17,   21.000,   3.51,  29.22,-128.04,  16.98, 100.00,-307.0000,-307.0000,   0.0000,   0.0000,   0.0000,   0.0000,   0.0000,-307.0000,   2.1500,   0.0000,-307.0000
11, 17,   22.000,   3.51,  29.22,-128.24,  17.86, 100.00,-307.0000,-307.0000,   0.0000,   0.0000,   0.0000,   0.0000,   0.0000,-307.0000,   2.1500,   0.0000,-307.0000
11, 17,   23.000,   3.51,  29.22,-128.43,  18.62, 100.00,-307.0000,-307.0000,   0.0000,   0.0000,   0.0000,   0.0000,   0.0000,-307.0000,   2.1500,   0.0000,-307.0000
11, 17,   24.000,   3.51,  29.22,-128.61,  19.27, 100.00,-307.0000,-307.0000,   0.0000,   0.0000,   0.0000,   0.0000,   0.0000,-307.0000,   2.1500,   0.0000,-307.0000
11, 17,   25.000,   3.51,  29.22,-138.60,  10.00, 100.00,-307.0000,-307.0000,   0.0000,   0.0000,   0.0000,   0.0000,   0.0000,-307.0000,   2.1500,   0.0000,-307.0000
11, 17,   26.000,   3.51,  29.22,-141.65,   7.57, 100.00,-307.0000,-307.0000,   0.0000,   0.0000,   0.0000,   0.0000,   0.0000,-307.0000,   2.1500,   0.0000,-307.0000
11, 17,   27.000,   3.51,  29.22,-144.72,   5.05, 100.00,-307.0000,-307.0000,   0.0000,   0.0000,   0.0000,   0.0000,   0.0000,-307.0000,   2.1500,   0.0000,-307.0000
11, 17,   28.000,   3.51,  29.22,-147.78,   2.46,  99.56,-307.0000,-307.0000,   0.0000,   0.0000,   0.0000,   0.0000,   0.0000,-307.0000,   2.1500,   0.0000,-307.0000
11, 17,   29.000,   3.51,  29.22,-150.85,  -0.17,  97.90,-307.0000,-307.0000,   0.0000,   0.0000,   0.0000,   0.0000,   0.0000,-307.0000,   2.1500,   0.0000,-307.0000
11, 17,   30.000,   3.51,  29.22,-153.91,  -2.84,  99.76,-307.0000,-307.0000,   0.0000,   0.0000,   0.0000,   0.0000,   0.0000,-307.0000,   2.1500,   0.0000,-307.0000
11, 18,    2.000,   3.12,  24.38,-153.98, -46.78,   6.08,-307.0000,-307.0000,   0.0000,   0.0000,   0.0000,   0.0000,   0.0000,-307.0000,   2.1500,   0.0000,-307.0000
11, 18,    3.000,   3.12,  24.38,-141.26, -29.55,  46.97,-307.0000,-307.0000,   0.0000,   0.0000,   0.0000,   0.0000,   0.0000,-307.0000,   2.1500,   0.0000,-307.0000
11, 18,    4.000,   3.12,  24.38,-136.40, -21.52,  74.56,-307.0000,-307.0000,   0.0000,   0.0000,   0.0000,   0.0000,   0.0000,-307.0000,   2.1500,   0.0000,-307.0000
11, 18,    5.000,   3.12,  24.38,-134.29, -16.77,  84.17,-307.0000,-307.0000,   0.0000,   0.0000,   0.0000,   0.0000,   0.0000,-307.0000,   2.1500,   0.0000,-307.0000
11, 18,    6.000,   3.12,  24.38,-133.36, -13.44,  89.40,-307.0000,-307.0000,   0.0000,   0.0000,   0.0000,   0.0000,   0.0000,-307.0000,   2.1500,   0.0000,-307.0000
11, 18,    7.000,   3.12,  24.38,-132.40, -10.25,  93.49,-307.0000,-307.0000,   0.0000,   0.0000,   0.0000,   0.0000,   0.0000,-307.0000,   2.1500,   0.0000,-307.0000
11, 18,    8.000,   3.12,  24.38,-130.84,  -6.54,  97.32,-307.0000,-307.0000,   0.0000,   0.0000,   0.0000,   0.0000,   0.0000,-307.0000,   2.1500,   0.0000,-307.0000
11, 18,    9.000,   3.12,  24.38,-129.34,  -2.98, 100.00,-307.0000,-307.0000,   0.0000,   0.0000,   0.0000,   0.0000,   0.0000,-307.0000,   2.1500,   0.0000,-307.0000
11, 18,   10.000,   3.12,  24.38,-127.76,   0.59, 100.00,-307.0000,-307.0000,   0.0000,   0.0000,   0.0000,   0.0000,   0.0000,-307.0000,   2.1500,   0.0000,-307.0000
11, 18,   11.000,   3.12,  24.38,-126.54,   3.72, 100.00,-307.0000,-307.0000,   0.0000,   0.0000,   0.0000,   0.0000,   0.0000,-307.0000,   2.1500,   0.0000,-307.0000
11, 18,   12.000,   3.12,  24.38,-125.73,   6.38, 100.00,-307.0000,-307.0000,   0.0000,   0.0000,   0.0000,   0.0000,   0.0000,-307.0000,   2.1500,   0.0000,-307.0000
11, 18,   13.000,   3.12,  24.38,-125.36,   8.53, 100.00,-307.0000,-307.0000,   0.0000,   0.0000,   0.0000,   0.0000,   0.0000,-307.0000,   2.1500,   0.0000,-307.0000
11, 18,   14.000,   3.12,  24.38,-124.98,  10.64, 100.00,-307.0000,-307.0000,   0.0000,   0.0000,   0.0000,   0.0000,   0.0000,-307.0000,   2.1500,   0.0000,-307.0000
11, 18,   15.000,   3.12,  24.38,-125.46,  11.82, 100.00,-307.0000,-307.0000,   0.0000,   0.0000,   0.0000,   0.0000,   0.0000,-307.0000,   2.1500,   0.0000,-307.0000
11, 18,   16.000,   3.12,  24.38,-125.42,  13.47, 100.00,-307.0000,-307.0000,   0.0000,   0.0000,   0.0000,   0.0000,   0.0000,-307.0000,   2.1500,   0.0000,-307.0000
11, 18,   17.000,   3.12,  24.38,-126.77,  13.65, 100.00,-307.0000,-307.0000,   0.0000,   0.0000,   0.0000,   0.0000,   0.0000,-307.0000,   2.1500,   0.0000,-307.0000
11, 18,   18.000,   3.12,  24.38,-126.99,  14.88, 100.00,-307.0000,-307.0000,   0.0000,   0.0000,   0.0000,   0.0000,   0.0000,-307.0000,   2.1500,   0.0000,-307.0000
11, 18,   19.000,   3.12,  24.38,-127.17,  16.04, 100.00,-307.0000,-307.0000,   0.0000,   0.0000,   0.0000,   0.0000,   0.0000,-307.0000,   2.1500,   0.0000,-307.0000
11, 18,   20.000,   3.12,  24.38,-127.35,  17.10, 100.00,-307.0000,-307.0000,   0.0000,   0.0000,   0.0000,   0.0000,   0.0000,-307.0000,   2.1500,   0.0000,-307.0000
11, 18,   21.000,   3.12,  24.38,-137.82,   7.73, 100.00,-307.0000,-307.0000,   0.0000,   0.0000,   0.0000,   0.0000,   0.0000,-307.0000,   2.1500,   0.0000,-307.0000
11, 18,   22.000,   3.12,  24.38,-141.46,   5.07, 100.00,-307.0000,-307.0000,   0.0000,   0.0000,   0.0000,   0.0000,   0.0000,-307.0000,   2.1500,   0.0000,-307.0000
11, 18,   23.000,   3.12,  24.38,-145.11,   2.28,  99.40,-307.0000,-307.0000,   0.0000,   0.0000,   0.0000,   0.0000,   0.0000,-307.0000,   2.1500,   0.0000,-307.0000
11, 18,   24.000,   3.12,  24.38,-148.76,  -0.63,  97.55,-307.0000,-307.0000,   0.0000,   0.0000,   0.0000,   0.0000,   0.0000,-307.0000,   2.1500,   0.0000,-307.0000
11, 18,   25.000,   3.12,  24.38,-152.42,  -3.64,  99.11,-307.0000,-307.0000,   0.0000,   0.0000,   0.0000,   0.0000,   0.0000,-307.0000,   2.1500,   0.0000,-307.0000
11, 18,   26.000,   3.12,  24.38,-156.08,  -6.73,  96.62,-307.0000,-307.0000,   0.0000,   0.0000,   0.0000,   0.0000,   0.0000,-307.0000,   2.1500,   0.0000,-307.0000
11, 18,   27.000,   3.12,  24.38,-159.74,  -9.89,  93.63,-307.0000,-307.0000,   0.0000,   0.0000,   0.0000,   0.0000,   0.0000,-307.0000,   2.1500,   0.0000,-307.0000
11, 18,   28.000,   3.12,  24.38,-163.39, -13.09,  89.99,-307.0000,-307.0000,   0.0000,   0.0000,   0.0000,   0.0000,   0.0000,-307.0000,   2.1500,   0.0000,-307.0000
11, 18,   29.000,   3.12,  24.38,-167.05, -16.34,  87.54,-307.0000,-307.0000,   0.0000,   0.0000,   0.0000,   0.0000,   0.0000,-307.0000,   2.1500,   0.0000,-307.0000
11, 18,   30.000,   3.12,  24.38,-170.71, -19.61,  81.70,-307.0000,-307.0000,   0.0000,   0.0000,   0.0000,   0.0000,   0.0000,-307.0000,   2.1500,   0.0000,-307.0000
11, 19,    2.000,   3.39,  19.88,-146.44, -40.66,  13.41,-307.0000,-307.0000,   0.0000,   0.0000,   0.0000,   0.0000,   0.0000,-307.0000,   2.1500,   0.0000,-307.0000
11, 19,    3.000,   3.39,  19.88,-137.72, -27.39,  57.06,-307.0000,-307.0000,   0.0000,   0.0000,   0.0000,   0.0000,   0.0000,-307.0000,   2.1500,   0.0000,-307.0000
11, 19,    4.000,   3.39,  19.88,-134.60, -21.02,  76.41,-307.0000,-307.0000,   0.0000,   0.0000,   0.0000,   0.0000,   0.0000,-307.0000,   2.1500,   0.0000,-307.0000
11, 19,    5.000,   3.39,  19.88,-132.47, -16.15,  85.83,-307.0000,-307.0000,   0.0000,   0.0000,   0.0000,   0.0000,   0.0000,-307.0000,   2.1500,   0.0000,-307.0000
11, 19,    6.000,   3.39,  19.88,-131.24, -12.40,  91.28,-307.0000,-307.0000,   0.0000,   0.0000,   0.0000,   0.0000,   0.0000,-307.0000,   2.1500,   0.0000,-307.0000
11, 19,    7.000,   3.39,  19.88,-129.58,  -8.33,  95.90,-307.0000,-307.0000,   0.0000,   0.0000,   0.0000,   0.0000,   0.0000,-307.0000,   2.1500,   0.0000,-307.0000
11, 19,    8.000,   3.39,  19.88,-128.49,  -4.90,  99.07,-307.0000,-307.0000,   0.0000,   0.0000,   0.0000,   0.0000,   0.0000,-307.0000,   2.1500,   0.0000,-307.0000
11, 19,    9.000,   3.39,  19.88,-127.80,  -1.93, 100.00,-307.0000,-307.0000,   0.0000,   0.0000,   0.0000,   0.0000,   0.0000,-307.0000,   2.1500,   0.0000,-307.0000
11, 19,   10.000,   3.39,  19.88,-127.14,   0.96, 100.00,-307.0000,-307.0000,   0.0000,   0.0000,   0.0000,   0.0000,   0.0000,-307.0000,   2.1500,   0.0000,-307.0000
11, 19,   11.000,   3.39,  19.88,-127.49,   2.78, 100.00,-307.0000,-307.0000,   0.0000,   0.0000,   0.0000,   0.0000,   0.0000,-307.0000,   2.1500,   0.0000,-307.0000
11, 19,   12.000,   3.39,  19.88,-127.03,   5.33, 100.00,-307.0000,-307.0000,   0.0000,   0.0000,   0.0000,   0.0000,   0.0000,-307.0000,   2.1500,   0.0000,-307.0000
11, 19,   13.000,   3.39,  19.88,-128.09,   6.28, 100.00,-307.0000,-307.0000,   0.0000,   0.0000,   0.0000,   0.0000,   0.0000,-307.0000,   2.1500,   0.0000,-307.0000
11, 19,   14.000,   3.39,  19.88,-127.96,   8.33, 100.00,-307.0000,-307.0000,   0.0000,   0.0000,   0.0000,   0.0000,   0.0000,-307.0000,   2.1500,   0.0000,-307.0000
11, 19,   15.000,   3.39,  19.88,-127.93,  10.17, 100.00,-307.0000,-307.0000,   0.0000,   0.0000,   0.0000,   0.0000,   0.0000,-307.0000,   2.1500,   0.0000,-307.0000
11, 19,   16.000,   3.39,  19.88,-139.19,   0.60,  98.26,-307.0000,-307.0000,   0.0000,   0.0000,   0.0000,   0.0000,   0.0000,-307.0000,   2.1500,   0.0000,-307.0000
11, 19,   17.000,   3.39,  19.88,-143.90,  -2.54,  96.12,-307.0000,-307.0000,   0.0000,   0.0000,   0.0000,   0.0000,   0.0000,-307.0000,   2.1500,   0.0000,-307.0000
11, 19,   18.000,   3.39,  19.88,-148.64,  -5.85,  93.51,-307.0000,-307.0000,   0.0000,   0.0000,   0.0000,   0.0000,   0.0000,-307.0000,   2.1500,   0.0000,-307.0000
11, 19,   19.000,   3.39,  19.88,-153.41,  -9.35,  94.09,-307.0000,-307.0000,   0.0000,   0.0000,   0.0000,   0.0000,   0.0000,-307.0000,   2.1500,   0.0000,-307.0000
11, 19,   20.000,   3.39,  19.88,-158.21, -13.02,  89.98,-307.0000,-307.0000,   0.0000,   0.0000,   0.0000,   0.0000,   0.0000,-307.0000,   2.1500,   0.0000,-307.0000
11, 19,   21.000,   3.39,  19.88,-163.02, -16.86,  84.54,-307.0000,-307.0000,   0.0000,   0.0000,   0.0000,   0.0000,   0.0000,-307.0000,   2.1500,   0.0000,-307.0000
11, 19,   22.000,   3.39,  19.88,-167.84, -20.82,  78.98,-307.0000,-307.0000,   0.0000,   0.0000,   0.0000,   0.0000,   0.0000,-307.0000,   2.1500,   0.0000,-307.0000
11, 19,   23.000,   3.39,  19.88,-172.66, -24.90,  67.73,-307.0000,-307.0000,   0.0000,   0.0000,   0.0000,   0.0000,   0.0000,-307.0000,   2.1500,   0.0000,-307.0000
11, 19,   24.000,   3.39,  19.88,-177.47, -29.07,  49.58,-307.0000,-307.0000,   0.0000,   0.0000,   0.0000,   0.0000,   0.0000,-307.0000,   2.1500,   0.0000,-307.0000
11, 19,   25.000,   3.39,  19.88,-182.28, -33.32,  26.81,-307.0000,-307.0000,   0.0000,   0.0000,   0.0000,   0.0000,   0.0000,-307.0000,   2.1500,   0.0000,-307.0000
11, 19,   26.000,   3.39,  19.88,-187.09, -37.62,  14.08,-307.0000,-307.0000,   0.0000,   0.0000,   0.0000,   0.0000,   0.0000,-307.0000,   2.1500,   0.0000,-307.0000
11, 19,   27.000,   3.39,  19.88,-191.86, -41.93,   5.98,-307.0000,-307.0000,   0.0000,   0.0000,   0.0000,   0.0000,   0.0000,-307.0000,   2.1500,   0.0000,-307.0000
11, 19,   28.000,   3.39,  19.88,-196.55, -46.20,   0.45,-307.0000,-307.0000,   0.0000,   0.0000,   0.0000,   0.0000,   0.0000,-307.0000,   2.1500,   0.0000,-307.0000
11, 19,   29.000,   3.39,  19.88,-201.04, -50.29,   0.00,-307.0000,-307.0000,   0.0000,   0.0000,   0.0000,   0.0000,   0.0000,-307.0000,   2.1500,   0.0000,-307.0000
11, 19,   30.000,   3.39,  19.88,-205.03, -53.91,   0.00,-307.0000,-307.0000,   0.0000,   0.0000,   0.0000,   0.0000,   0.0000,-307.0000,   2.1500,   0.0000,-307.0000
11, 20,    2.000,   3.77,  15.58,-140.06, -35.18,  23.88,-307.0000,-307.0000,   0.0000,   0.0000,   0.0000,   0.0000,   0.0000,-307.0000,   2.1500,   0.0000,-307.0000
11, 20,    3.000,   3.77,  15.58,-133.81, -24.36,  68.25,-307.0000,-307.0000,   0.0000,   0.0000,   0.0000,   0.0000,   0.0000,-307.0000,   2.1500,   0.0000,-307.0000
11, 20,    4.000,   3.77,  15.58,-130.16, -17.45,  84.24,-307.0000,-307.0000,   0.0000,   0.0000,   0.0000,   0.0000,   0.0000,-307.0000,   2.1500,   0.0000,-307.0000
11, 20,    5.000,   3.77,  15.58,-128.71, -13.20,  90.70,-307.0000,-307.0000,   0.0000,   0.0000,   0.0000,   0.0000,   0.0000,-307.0000,   2.1500,   0.0000,-307.0000
11, 20,    6.000,   3.77,  15.58,-127.97,  -9.85,  94.71,-307.0000,-307.0000,   0.0000,   0.0000,   0.0000,   0.0000,   0.0000,-307.0000,   2.1500,   0.0000,-307.0000
11, 20,    7.000,   3.77,  15.58,-127.03,  -6.39,  98.10,-307.0000,-307.0000,   0.0000,   0.0000,   0.0000,   0.0000,   0.0000,-307.0000,   2.1500,   0.0000,-307.0000
11, 20,    8.000,   3.77,  15.58,-125.98,  -2.87, 100.00,-307.0000,-307.0000,   0.0000,   0.0000,   0.0000,   0.0000,   0.0000,-307.0000,   2.1500,   0.0000,-307.0000
11, 20,    9.000,   3.77,  15.58,-126.28,  -0.72, 100.00,-307.0000,-307.0000,   0.0000,   0.0000,   0.0000,   0.0000,   0.0000,-307.0000,   2.1500,   0.0000,-307.0000
11, 20,   10.000,   3.77,  15.58,-127.39,   0.59,  98.96,-307.0000,-307.0000,   0.0000,   0.0000,   0.0000,   0.0000,   0.0000,-307.0000,   2.1500,   0.0000,-307.0000
11, 20,   11.000,   3.77,  15.58,-127.80,   2.57, 100.00,-307.0000,-307.0000,   0.0000,   0.0000,   0.0000,   0.0000,   0.0000,-307.0000,   2.1500,   0.0000,-307.0000
11, 20,   12.000,   3.77,  15.58,-135.53,  -2.84,  95.81,-307.0000,-307.0000,   0.0000,   0.0000,   0.0000,   0.0000,   0.0000,-307.0000,   2.1500,   0.0000,-307.0000
11, 20,   13.000,   3.77,  15.58,-141.01,  -6.07,  93.24,-307.0000,-307.0000,   0.0000,   0.0000,   0.0000,   0.0000,   0.0000,-307.0000,   2.1500,   0.0000,-307.0000
11, 20,   14.000,   3.77,  15.58,-146.79,  -9.72,  89.81,-307.0000,-307.0000,   0.0000,   0.0000,   0.0000,   0.0000,   0.0000,-307.0000,   2.1500,   0.0000,-307.0000
11, 20,   15.000,   3.77,  15.58,-152.73, -13.67,  89.07,-307.0000,-307.0000,   0.0000,   0.0000,   0.0000,   0.0000,   0.0000,-307.0000,   2.1500,   0.0000,-307.0000
11, 20,   16.000,   3.77,  15.58,-158.73, -17.88,  82.78,-307.0000,-307.0000,   0.0000,   0.0000,   0.0000,   0.0000,   0.0000,-307.0000,   2.1500,   0.0000,-307.0000
11, 20,   17.000,   3.77,  15.58,-164.77, -22.32,  75.30,-307.0000,-307.0000,   0.0000,   0.0000,   0.0000,   0.0000,   0.0000,-307.0000,   2.1500,   0.0000,-307.0000
11, 20,   18.000,   3.77,  15.58,-170.84, -27.02,  59.67,-307.0000,-307.0000,   0.0000,   0.0000,   0.0000,   0.0000,   0.0000,-307.0000,   2.1500,   0.0000,-307.0000
11, 20,   19.000,   3.77,  15.58,-176.94, -31.94,  35.47,-307.0000,-307.0000,   0.0000,   0.0000,   0.0000,   0.0000,   0.0000,-307.0000,   2.1500,   0.0000,-307.0000
11, 20,   20.000,   3.77,  15.58,-183.04, -37.07,  15.42,-307.0000,-307.0000,   0.0000,   0.0000,   0.0000,   0.0000,   0.0000,-307.0000,   2.1500,   0.0000,-307.0000
11, 20,   21.000,   3.77,  15.58,-189.12, -42.32,   5.43,-307.0000,-307.0000,   0.0000,   0.0000,   0.0000,   0.0000,   0.0000,-307.0000,   2.1500,   0.0000,-307.0000
11, 20,   22.000,   3.77,  15.58,-195.09, -47.59,   0.00,-307.0000,-307.0000,   0.0000,   0.0000,   0.0000,   0.0000,   0.0000,-307.0000,   2.1500,   0.0000,-307.0000
11, 20,   23.000,   3.77,  15.58,-200.69, -52.58,   0.00,-307.0000,-307.0000,   0.0000,   0.0000,   0.0000,   0.0000,   0.0000,-307.0000,   2.1500,   0.0000,-307.0000
11, 20,   24.000,   3.77,  15.58,-205.25, -56.60,   0.00,-307.0000,-307.0000,   0.0000,   0.0000,   0.0000,   0.0000,   0.0000,-307.0000,   2.1500,   0.0000,-307.0000
11, 20,   25.000,   3.77,  15.58,-206.49, -57.36,   0.00,-307.0000,-307.0000,   0.0000,   0.0000,   0.0000,   0.0000,   0.0000,-307.0000,   2.1500,   0.0000,-307.0000
11, 20,   26.000,   3.77,  15.58,-206.75, -57.16,   0.00,-307.0000,-307.0000,   0.0000,   0.0000,   0.0000,   0.0000,   0.0000,-307.0000,   2.1500,   0.0000,-307.0000
11, 20,   27.000,   3.77,  15.58,-207.00, -56.99,   0.00,-307.0000,-307.0000,   0.0000,   0.0000,   0.0000,   0.0000,   0.0000,-307.0000,   2.1500,   0.0000,-307.0000
11, 20,   28.000,   3.77,  15.58,-207.25, -56.85,   0.00,-307.0000,-307.0000,   0.0000,   0.0000,   0.0000,   0.0000,   0.0000,-307.0000,   2.1500,   0.0000,-307.0000
11, 20,   29.000,   3.77,  15.58,-207.49, -56.71,   0.00,-307.0000,-307.0000,   0.0000,   0.0000,   0.0000,   0.0000,   0.0000,-307.0000,   2.1500,   0.0000,-307.0000
11, 20,   30.000,   3.77,  15.58,-207.73, -56.59,   0.00,-307.0000,-307.0000,   0.0000,   0.0000,   0.0000,   0.0000,   0.0000,-307.0000,   2.1500,   0.0000,-307.0000
11, 21,    2.000,   4.26,  13.45,-134.38, -29.23,  48.58,-307.0000,-307.0000,   0.0000,   0.0000,   0.0000,   0.0000,   0.0000,-307.0000,   2.1500,   0.0000,-307.0000
11, 21,    3.000,   4.26,  13.45,-130.00, -20.35,  78.31,-307.0000,-307.0000,   0.0000,   0.0000,   0.0000,   0.0000,   0.0000,-307.0000,   2.1500,   0.0000,-307.0000
11, 21,    4.000,   4.26,  13.45,-127.12, -14.20,  89.02,-307.0000,-307.0000,   0.0000,   0.0000,   0.0000,   0.0000,   0.0000,-307.0000,   2.1500,   0.0000,-307.0000
11, 21,    5.000,   4.26,  13.45,-125.63,  -9.85,  94.43,-307.0000,-307.0000,   0.0000,   0.0000,   0.0000,   0.0000,   0.0000,-307.0000,   2.1500,   0.0000,-307.0000
11, 21,    6.000,   4.26,  13.45,-124.13,  -5.64,  98.49,-307.0000,-307.0000,   0.0000,   0.0000,   0.0000,   0.0000,   0.0000,-307.0000,   2.1500,   0.0000,-307.0000
11, 21,    7.000,   4.26,  13.45,-123.90,  -2.78, 100.00,-307.0000,-307.0000,   0.0000,   0.0000,   0.0000,   0.0000,   0.0000,-307.0000,   2.1500,   0.0000,-307.0000
11, 21,    8.000,   4.26,  13.45,-124.53,  -0.81, 100.00,-307.0000,-307.0000,   0.0000,   0.0000,   0.0000,   0.0000,   0.0000,-307.0000,   2.1500,   0.0000,-307.0000
11, 21,    9.000,   4.26,  13.45,-125.99,   0.28,  98.69,-307.0000,-307.0000,   0.0000,   0.0000,   0.0000,   0.0000,   0.0000,-307.0000,   2.1500,   0.0000,-307.0000
11, 21,   10.000,   4.26,  13.45,-126.69,   2.08,  99.88,-307.0000,-307.0000,   0.0000,   0.0000,   0.0000,   0.0000,   0.0000,-307.0000,   2.1500,   0.0000,-307.0000
11, 21,   11.000,   4.26,  13.45,-138.89,  -7.69,  91.71,-307.0000,-307.0000,   0.0000,   0.0000,   0.0000,   0.0000,   0.0000,-307.0000,   2.1500,   0.0000,-307.0000
11, 21,   12.000,   4.26,  13.45,-145.23, -11.69,  87.60,-307.0000,-307.0000,   0.0000,   0.0000,   0.0000,   0.0000,   0.0000,-307.0000,   2.1500,   0.0000,-307.0000
11, 21,   13.000,   4.26,  13.45,-151.98, -16.20,  85.42,-307.0000,-307.0000,   0.0000,   0.0000,   0.0000,   0.0000,   0.0000,-307.0000,   2.1500,   0.0000,-307.0000
11, 21,   14.000,   4.26,  13.45,-158.89, -21.03,  76.53,-307.0000,-307.0000,   0.0000,   0.0000,   0.0000,   0.0000,   0.0000,-307.0000,   2.1500,   0.0000,-307.0000
11, 21,   15.000,   4.26,  13.45,-165.88, -26.10,  63.37,-307.0000,-307.0000,   0.0000,   0.0000,   0.0000,   0.0000,   0.0000,-307.0000,   2.1500,   0.0000,-307.0000
11, 21,   16.000,   4.26,  13.45,-172.89, -31.41,  37.77,-307.0000,-307.0000,   0.0000,   0.0000,   0.0000,   0.0000,   0.0000,-307.0000,   2.1500,   0.0000,-307.0000
11, 21,   17.000,   4.26,  13.45,-179.93, -36.97,  15.83,-307.0000,-307.0000,   0.0000,   0.0000,   0.0000,   0.0000,   0.0000,-307.0000,   2.1500,   0.0000,-307.0000
11, 21,   18.000,   4.26,  13.45,-186.97, -42.74,   4.92,-307.0000,-307.0000,   0.0000,   0.0000,   0.0000,   0.0000,   0.0000,-307.0000,   2.1500,   0.0000,-307.0000
11, 21,   19.000,   4.26,  13.45,-193.89, -48.60,   0.00,-307.0000,-307.0000,   0.0000,   0.0000,   0.0000,   0.0000,   0.0000,-307.0000,   2.1500,   0.0000,-307.0000
11, 21,   20.000,   4.26,  13.45,-200.31, -54.13,   0.00,-307.0000,-307.0000,   0.0000,   0.0000,   0.0000,   0.0000,   0.0000,-307.0000,   2.1500,   0.0000,-307.0000
11, 21,   21.000,   4.26,  13.45,-205.12, -58.18,   0.00,-307.0000,-307.0000,   0.0000,   0.0000,   0.0000,   0.0000,   0.0000,-307.0000,   2.1500,   0.0000,-307.0000
11, 21,   22.000,   4.26,  13.45,-205.41, -57.82,   0.00,-307.0000,-307.0000,   0.0000,   0.0000,   0.0000,   0.0000,   0.0000,-307.0000,   2.1500,   0.0000,-307.0000
11, 21,   23.000,   4.26,  13.45,-205.70, -57.53,   0.00,-307.0000,-307.0000,   0.0000,   0.0000,   0.0000,   0.0000,   0.0000,-307.0000,   2.1500,   0.0000,-307.0000
11, 21,   24.000,   4.26,  13.45,-205.99, -57.30,   0.00,-307.0000,-307.0000,   0.0000,   0.0000,   0.0000,   0.0000,   0.0000,-307.0000,   2.1500,   0.0000,-307.0000
11, 21,   25.000,   4.26,  13.45,-206.27, -57.11,   0.00,-307.0000,-307.0000,   0.0000,   0.0000,   0.0000,   0.0000,   0.0000,-307.0000,   2.1500,   0.0000,-307.0000
11, 21,   26.000,   4.26,  13.45,-206.55, -56.94,   0.00,-307.0000,-307.0000,   0.0000,   0.0000,   0.0000,   0.0000,   0.0000,-307.0000,   2.1500,   0.0000,-307.0000
11, 21,   27.000,   4.26,  13.45,-206.81, -56.80,   0.00,-307.0000,-307.0000,   0.0000,   0.0000,   0.0000,   0.0000,   0.0000,-307.0000,   2.1500,   0.0000,-307.0000
11, 21,   28.000,   4.26,  13.45,-207.08, -56.67,   0.00,-307.0000,-307.0000,   0.0000,   0.0000,   0.0000,   0.0000,   0.0000,-307.0000,   2.1500,   0.0000,-307.0000
11, 21,   29.000,   4.26,  13.45,-207.33, -56.55,   0.00,-307.0000,-307.0000,   0.0000,   0.0000,   0.0000,   0.0000,   0.0000,-307.0000,   2.1500,   0.0000,-307.0000
11, 21,   30.000,   4.26,  13.45,-207.58, -56.44,   0.00,-307.0000,-307.0000,   0.0000,   0.0000,   0.0000,   0.0000,   0.0000,-307.0000,   2.1500,   0.0000,-307.0000
11, 22,    2.000,   4.76,  12.41,-130.02, -24.59,  67.10,-307.0000,-307.0000,   0.0000,   0.0000,   0.0000,   0.0000,   0.0000,-307.0000,   2.1500,   0.0000,-307.0000
11, 22,    3.000,   4.76,  12.41,-127.19, -17.34,  83.87,-307.0000,-307.0000,   0.0000,   0.0000,   0.0000,   0.0000,   0.0000,-307.0000,   2.1500,   0.0000,-307.0000
11, 22,    4.000,   4.76,  12.41,-124.16, -11.03,  92.79,-307.0000,-307.0000,   0.0000,   0.0000,   0.0000,   0.0000,   0.0000,-307.0000,   2.1500,   0.0000,-307.0000
11, 22,    5.000,   4.76,  12.41,-123.30,  -7.23,  96.84,-307.0000,-307.0000,   0.0000,   0.0000,   0.0000,   0.0000,   0.0000,-307.0000,   2.1500,   0.0000,-307.0000
11, 22,    6.000,   4.76,  12.41,-123.53,  -4.64,  99.22,-307.0000,-307.0000,   0.0000,   0.0000,   0.0000,   0.0000,   0.0000,-307.0000,   2.1500,   0.0000,-307.0000
11, 22,    7.000,   4.76,  12.41,-124.42,  -2.74, 100.00,-307.0000,-307.0000,   0.0000,   0.0000,   0.0000,   0.0000,   0.0000,-307.0000,   2.1500,   0.0000,-307.0000
11, 22,    8.000,   4.76,  12.41,-126.14,  -1.71,  97.22,-307.0000,-307.0000,   0.0000,   0.0000,   0.0000,   0.0000,   0.0000,-307.0000,   2.1500,   0.0000,-307.0000
11, 22,    9.000,   4.76,  12.41,-127.17,  -0.05,  98.45,-307.0000,-307.0000,   0.0000,   0.0000,   0.0000,   0.0000,   0.0000,-307.0000,   2.1500,   0.0000,-307.0000
11, 22,   10.000,   4.76,  12.41,-138.30,  -8.58,  90.79,-307.0000,-307.0000,   0.0000,   0.0000,   0.0000,   0.0000,   0.0000,-307.0000,   2.1500,   0.0000,-307.0000
11, 22,   11.000,   4.76,  12.41,-145.33, -13.09,  85.87,-307.0000,-307.0000,   0.0000,   0.0000,   0.0000,   0.0000,   0.0000,-307.0000,   2.1500,   0.0000,-307.0000
11, 22,   12.000,   4.76,  12.41,-152.75, -18.14,  82.16,-307.0000,-307.0000,   0.0000,   0.0000,   0.0000,   0.0000,   0.0000,-307.0000,   2.1500,   0.0000,-307.0000
11, 22,   13.000,   4.76,  12.41,-160.32, -23.49,  70.39,-307.0000,-307.0000,   0.0000,   0.0000,   0.0000,   0.0000,   0.0000,-307.0000,   2.1500,   0.0000,-307.0000
11, 22,   14.000,   4.76,  12.41,-167.94, -29.10,  49.43,-307.0000,-307.0000,   0.0000,   0.0000,   0.0000,   0.0000,   0.0000,-307.0000,   2.1500,   0.0000,-307.0000
11, 22,   15.000,   4.76,  12.41,-175.60, -34.95,  25.39,-307.0000,-307.0000,   0.0000,   0.0000,   0.0000,   0.0000,   0.0000,-307.0000,   2.1500,   0.0000,-307.0000
11, 22,   16.000,   4.76,  12.41,-183.27, -41.06,   7.65,-307.0000,-307.0000,   0.0000,   0.0000,   0.0000,   0.0000,   0.0000,-307.0000,   2.1500,   0.0000,-307.0000
11, 22,   17.000,   4.76,  12.41,-190.89, -47.35,   0.00,-307.0000,-307.0000,   0.0000,   0.0000,   0.0000,   0.0000,   0.0000,-307.0000,   2.1500,   0.0000,-307.0000
11, 22,   18.000,   4.76,  12.41,-198.21, -53.54,   0.00,-307.0000,-307.0000,   0.0000,   0.0000,   0.0000,   0.0000,   0.0000,-307.0000,   2.1500,   0.0000,-307.0000
11, 22,   19.000,   4.76,  12.41,-204.27, -58.66,   0.00,-307.0000,-307.0000,   0.0000,   0.0000,   0.0000,   0.0000,   0.0000,-307.0000,   2.1500,   0.0000,-307.0000
11, 22,   20.000,   4.76,  12.41,-206.05, -59.64,   0.00,-307.0000,-307.0000,   0.0000,   0.0000,   0.0000,   0.0000,   0.0000,-307.0000,   2.1500,   0.0000,-307.0000
11, 22,   21.000,   4.76,  12.41,-206.38, -59.29,   0.00,-307.0000,-307.0000,   0.0000,   0.0000,   0.0000,   0.0000,   0.0000,-307.0000,   2.1500,   0.0000,-307.0000
11, 22,   22.000,   4.76,  12.41,-206.71, -59.01,   0.00,-307.0000,-307.0000,   0.0000,   0.0000,   0.0000,   0.0000,   0.0000,-307.0000,   2.1500,   0.0000,-307.0000
11, 22,   23.000,   4.76,  12.41,-207.02, -58.78,   0.00,-307.0000,-307.0000,   0.0000,   0.0000,   0.0000,   0.0000,   0.0000,-307.0000,   2.1500,   0.0000,-307.0000
11, 22,   24.000,   4.76,  12.41,-207.33, -58.60,   0.00,-307.0000,-307.0000,   0.0000,   0.0000,   0.0000,   0.0000,   0.0000,-307.0000,   2.1500,   0.0000,-307.0000
11, 22,   25.000,   4.76,  12.41,-207.63, -58.44,   0.00,-307.0000,-307.0000,   0.0000,   0.0000,   0.0000,   0.0000,   0.0000,-307.0000,   2.1500,   0.0000,-307.0000
11, 22,   26.000,   4.76,  12.41,-207.92, -58.30,   0.00,-307.0000,-307.0000,   0.0000,   0.0000,   0.0000,   0.0000,   0.0000,-307.0000,   2.1500,   0.0000,-307.0000
11, 22,   27.000,   4.76,  12.41,-208.21, -58.18,   0.00,-307.0000,-307.0000,   0.0000,   0.0000,   0.0000,   0.0000,   0.0000,-307.0000,   2.1500,   0.0000,-307.0000
11, 22,   28.000,   4.76,  12.41,-208.48, -58.07,   0.00,-307.0000,-307.0000,   0.0000,   0.0000,   0.0000,   0.0000,   0.0000,-307.0000,   2.1500,   0.0000,-307.0000
11, 22,   29.000,   4.76,  12.41,-208.75, -57.97,   0.00,-307.0000,-307.0000,   0.0000,   0.0000,   0.0000,   0.0000,   0.0000,-307.0000,   2.1500,   0.0000,-307.0000
11, 22,   30.000,   4.76,  12.41,-209.01, -57.87,   0.00,-307.0000,-307.0000,   0.0000,   0.0000,   0.0000,   0.0000,   0.0000,-307.0000,   2.1500,   0.0000,-307.0000
11, 23,    2.000,   5.13,  12.00,-126.31, -20.56,  77.26,-307.0000,-307.0000,   0.0000,   0.0000,   0.0000,   0.0000,   0.0000,-307.0000,   2.1500,   0.0000,-307.0000
11, 23,    3.000,   5.13,  12.00,-123.34, -13.26,  89.69,-307.0000,-307.0000,   0.0000,   0.0000,   0.0000,   0.0000,   0.0000,-307.0000,   2.1500,   0.0000,-307.0000
11, 23,    4.000,   5.13,  12.00,-121.88,  -8.52,  95.26,-307.0000,-307.0000,   0.0000,   0.0000,   0.0000,   0.0000,   0.0000,-307.0000,   2.1500,   0.0000,-307.0000
11, 23,    5.000,   5.13,  12.00,-121.77,  -5.39,  98.30,-307.0000,-307.0000,   0.0000,   0.0000,   0.0000,   0.0000,   0.0000,-307.0000,   2.1500,   0.0000,-307.0000
11, 23,    6.000,   5.13,  12.00,-122.56,  -3.22, 100.00,-307.0000,-307.0000,   0.0000,   0.0000,   0.0000,   0.0000,   0.0000,-307.0000,   2.1500,   0.0000,-307.0000
11, 23,    7.000,   5.13,  12.00,-123.62,  -1.31, 100.00,-307.0000,-307.0000,   0.0000,   0.0000,   0.0000,   0.0000,   0.0000,-307.0000,   2.1500,   0.0000,-307.0000
11, 23,    8.000,   5.13,  12.00,-125.23,   0.03,  98.39,-307.0000,-307.0000,   0.0000,   0.0000,   0.0000,   0.0000,   0.0000,-307.0000,   2.1500,   0.0000,-307.0000
11, 23,    9.000,   5.13,  12.00,-125.16,   3.00, 100.00,-307.0000,-307.0000,   0.0000,   0.0000,   0.0000,   0.0000,   0.0000,-307.0000,   2.1500,   0.0000,-307.0000
11, 23,   10.000,   5.13,  12.00,-139.10,  -8.15,  91.20,-307.0000,-307.0000,   0.0000,   0.0000,   0.0000,   0.0000,   0.0000,-307.0000,   2.1500,   0.0000,-307.0000
11, 23,   11.000,   5.13,  12.00,-146.99, -13.40,  85.49,-307.0000,-307.0000,   0.0000,   0.0000,   0.0000,   0.0000,   0.0000,-307.0000,   2.1500,   0.0000,-307.0000
11, 23,   12.000,   5.13,  12.00,-154.95, -18.93,  80.74,-307.0000,-307.0000,   0.0000,   0.0000,   0.0000,   0.0000,   0.0000,-307.0000,   2.1500,   0.0000,-307.0000
11, 23,   13.000,   5.13,  12.00,-162.96, -24.75,  68.12,-307.0000,-307.0000,   0.0000,   0.0000,   0.0000,   0.0000,   0.0000,-307.0000,   2.1500,   0.0000,-307.0000
11, 23,   14.000,   5.13,  12.00,-170.97, -30.86,  40.28,-307.0000,-307.0000,   0.0000,   0.0000,   0.0000,   0.0000,   0.0000,-307.0000,   2.1500,   0.0000,-307.0000
11, 23,   15.000,   5.13,  12.00,-178.96, -37.22,  15.30,-307.0000,-307.0000,   0.0000,   0.0000,   0.0000,   0.0000,   0.0000,-307.0000,   2.1500,   0.0000,-307.0000
11, 23,   16.000,   5.13,  12.00,-186.92, -43.83,   3.48,-307.0000,-307.0000,   0.0000,   0.0000,   0.0000,   0.0000,   0.0000,-307.0000,   2.1500,   0.0000,-307.0000
11, 23,   17.000,   5.13,  12.00,-194.71, -50.49,   0.00,-307.0000,-307.0000,   0.0000,   0.0000,   0.0000,   0.0000,   0.0000,-307.0000,   2.1500,   0.0000,-307.0000
11, 23,   18.000,   5.13,  12.00,-201.68, -56.53,   0.00,-307.0000,-307.0000,   0.0000,   0.0000,   0.0000,   0.0000,   0.0000,-307.0000,   2.1500,   0.0000,-307.0000
11, 23,   19.000,   5.13,  12.00,-205.43, -59.48,   0.00,-307.0000,-307.0000,   0.0000,   0.0000,   0.0000,   0.0000,   0.0000,-307.0000,   2.1500,   0.0000,-307.0000
11, 23,   20.000,   5.13,  12.00,-205.80, -59.16,   0.00,-307.0000,-307.0000,   0.0000,   0.0000,   0.0000,   0.0000,   0.0000,-307.0000,   2.1500,   0.0000,-307.0000
11, 23,   21.000,   5.13,  12.00,-206.15, -58.91,   0.00,-307.0000,-307.0000,   0.0000,   0.0000,   0.0000,   0.0000,   0.0000,-307.0000,   2.1500,   0.0000,-307.0000
11, 23,   22.000,   5.13,  12.00,-206.50, -58.70,   0.00,-307.0000,-307.0000,   0.0000,   0.0000,   0.0000,   0.0000,   0.0000,-307.0000,   2.1500,   0.0000,-307.0000
11, 23,   23.000,   5.13,  12.00,-206.84, -58.53,   0.00,-307.0000,-307.0000,   0.0000,   0.0000,   0.0000,   0.0000,   0.0000,-307.0000,   2.1500,   0.0000,-307.0000
11, 23,   24.000,   5.13,  12.00,-207.16, -58.39,   0.00,-307.0000,-307.0000,   0.0000,   0.0000,   0.0000,   0.0000,   0.0000,-307.0000,   2.1500,   0.0000,-307.0000
11, 23,   25.000,   5.13,  12.00,-207.48, -58.26,   0.00,-307.0000,-307.0000,   0.0000,   0.0000,   0.0000,   0.0000,   0.0000,-307.0000,   2.1500,   0.0000,-307.0000
11, 23,   26.000,   5.13,  12.00,-207.78, -58.15,   0.00,-307.0000,-307.0000,   0.0000,   0.0000,   0.0000,   0.0000,   0.0000,-307.0000,   2.1500,   0.0000,-307.0000
11, 23,   27.000,   5.13,  12.00,-208.08, -58.04,   0.00,-307.0000,-307.0000,   0.0000,   0.0000,   0.0000,   0.0000,   0.0000,-307.0000,   2.1500,   0.0000,-307.0000
11, 23,   28.000,   5.13,  12.00,-208.37, -57.95,   0.00,-307.0000,-307.0000,   0.0000,   0.0000,   0.0000,   0.0000,   0.0000,-307.0000,   2.1500,   0.0000,-307.0000
11, 23,   29.000,   5.13,  12.00,-208.65, -57.86,   0.00,-307.0000,-307.0000,   0.0000,   0.0000,   0.0000,   0.0000,   0.0000,-307.0000,   2.1500,   0.0000,-307.0000
11, 23,   30.000,   5.13,  12.00,-208.92, -57.77,   0.00,-307.0000,-307.0000,   0.0000,   0.0000,   0.0000,   0.0000,   0.0000,-307.0000,   2.1500,   0.0000,-307.0000
11, 24,    2.000,   5.24,  12.26,-121.66, -15.67,  85.88,-307.0000,-307.0000,   0.0000,   0.0000,   0.0000,   0.0000,   0.0000,-307.0000,   2.1500,   0.0000,-307.0000
11, 24,    3.000,   5.24,  12.26,-120.79, -10.54,  92.78,-307.0000,-307.0000,   0.0000,   0.0000,   0.0000,   0.0000,   0.0000,-307.0000,   2.1500,   0.0000,-307.0000
11, 24,    4.000,   5.24,  12.26,-119.78,  -6.25,  97.24,-307.0000,-307.0000,   0.0000,   0.0000,   0.0000,   0.0000,   0.0000,-307.0000,   2.1500,   0.0000,-307.0000
11, 24,    5.000,   5.24,  12.26,-119.35,  -2.73, 100.00,-307.0000,-307.0000,   0.0000,   0.0000,   0.0000,   0.0000,   0.0000,-307.0000,   2.1500,   0.0000,-307.0000
11, 24,    6.000,   5.24,  12.26,-119.62,   0.10, 100.00,-307.0000,-307.0000,   0.0000,   0.0000,   0.0000,   0.0000,   0.0000,-307.0000,   2.1500,   0.0000,-307.0000
11, 24,    7.000,   5.24,  12.26,-120.67,   2.19, 100.00,-307.0000,-307.0000,   0.0000,   0.0000,   0.0000,   0.0000,   0.0000,-307.0000,   2.1500,   0.0000,-307.0000
11, 24,    8.000,   5.24,  12.26,-122.75,   3.27, 100.00,-307.0000,-307.0000,   0.0000,   0.0000,   0.0000,   0.0000,   0.0000,-307.0000,   2.1500,   0.0000,-307.0000
11, 24,    9.000,   5.24,  12.26,-123.49,   5.66, 100.00,-307.0000,-307.0000,   0.0000,   0.0000,   0.0000,   0.0000,   0.0000,-307.0000,   2.1500,   0.0000,-307.0000
11, 24,   10.000,   5.24,  12.26,-136.22,  -4.05,  94.77,-307.0000,-307.0000,   0.0000,   0.0000,   0.0000,   0.0000,   0.0000,-307.0000,   2.1500,   0.0000,-307.0000
11, 24,   11.000,   5.24,  12.26,-144.21,  -9.22,  90.21,-307.0000,-307.0000,   0.0000,   0.0000,   0.0000,   0.0000,   0.0000,-307.0000,   2.1500,   0.0000,-307.0000
11, 24,   12.000,   5.24,  12.26,-152.19, -14.69,  87.60,-307.0000,-307.0000,   0.0000,   0.0000,   0.0000,   0.0000,   0.0000,-307.0000,   2.1500,   0.0000,-307.0000
11, 24,   13.000,   5.24,  12.26,-160.14, -20.50,  77.64,-307.0000,-307.0000,   0.0000,   0.0000,   0.0000,   0.0000,   0.0000,-307.0000,   2.1500,   0.0000,-307.0000
11, 24,   14.000,   5.24,  12.26,-168.08, -26.69,  61.00,-307.0000,-307.0000,   0.0000,   0.0000,   0.0000,   0.0000,   0.0000,-307.0000,   2.1500,   0.0000,-307.0000
11, 24,   15.000,   5.24,  12.26,-175.99, -33.21,  30.77,-307.0000,-307.0000,   0.0000,   0.0000,   0.0000,   0.0000,   0.0000,-307.0000,   2.1500,   0.0000,-307.0000
11, 24,   16.000,   5.24,  12.26,-183.87, -39.98,   9.36,-307.0000,-307.0000,   0.0000,   0.0000,   0.0000,   0.0000,   0.0000,-307.0000,   2.1500,   0.0000,-307.0000
11, 24,   17.000,   5.24,  12.26,-191.63, -46.83,   0.00,-307.0000,-307.0000,   0.0000,   0.0000,   0.0000,   0.0000,   0.0000,-307.0000,   2.1500,   0.0000,-307.0000
11, 24,   18.000,   5.24,  12.26,-198.95, -53.39,   0.00,-307.0000,-307.0000,   0.0000,   0.0000,   0.0000,   0.0000,   0.0000,-307.0000,   2.1500,   0.0000,-307.0000
11, 24,   19.000,   5.24,  12.26,-204.64, -58.42,   0.00,-307.0000,-307.0000,   0.0000,   0.0000,   0.0000,   0.0000,   0.0000,-307.0000,   2.1500,   0.0000,-307.0000
11, 24,   20.000,   5.24,  12.26,-205.54, -58.73,   0.00,-307.0000,-307.0000,   0.0000,   0.0000,   0.0000,   0.0000,   0.0000,-307.0000,   2.1500,   0.0000,-307.0000
11, 24,   21.000,   5.24,  12.26,-205.93, -58.56,   0.00,-307.0000,-307.0000,   0.0000,   0.0000,   0.0000,   0.0000,   0.0000,-307.0000,   2.1500,   0.0000,-307.0000
11, 24,   22.000,   5.24,  12.26,-206.29, -58.42,   0.00,-307.0000,-307.0000,   0.0000,   0.0000,   0.0000,   0.0000,   0.0000,-307.0000,   2.1500,   0.0000,-307.0000
11, 24,   23.000,   5.24,  12.26,-206.65, -58.29,   0.00,-307.0000,-307.0000,   0.0000,   0.0000,   0.0000,   0.0000,   0.0000,-307.0000,   2.1500,   0.0000,-307.0000
11, 24,   24.000,   5.24,  12.26,-206.99, -58.18,   0.00,-307.0000,-307.0000,   0.0000,   0.0000,   0.0000,   0.0000,   0.0000,-307.0000,   2.1500,   0.0000,-307.0000
11, 24,   25.000,   5.24,  12.26,-207.32, -58.08,   0.00,-307.0000,-307.0000,   0.0000,   0.0000,   0.0000,   0.0000,   0.0000,-307.0000,   2.1500,   0.0000,-307.0000
11, 24,   26.000,   5.24,  12.26,-207.63, -57.98,   0.00,-307.0000,-307.0000,   0.0000,   0.0000,   0.0000,   0.0000,   0.0000,-307.0000,   2.1500,   0.0000,-307.0000
11, 24,   27.000,   5.24,  12.26,-207.94, -57.90,   0.00,-307.0000,-307.0000,   0.0000,   0.0000,   0.0000,   0.0000,   0.0000,-307.0000,   2.1500,   0.0000,-307.0000
11, 24,   28.000,   5.24,  12.26,-208.24, -57.81,   0.00,-307.0000,-307.0000,   0.0000,   0.0000,   0.0000,   0.0000,   0.0000,-307.0000,   2.1500,   0.0000,-307.0000
11, 24,   29.000,   5.24,  12.26,-208.53, -57.73,   0.00,-307.0000,-307.0000,   0.0000,   0.0000,   0.0000,   0.0000,   0.0000,-307.0000,   2.1500,   0.0000,-307.0000
11, 24,   30.000,   5.24,  12.26,-208.81, -57.66,   0.00,-307.0000,-307.0000,   0.0000,   0.0000,   0.0000,   0.0000,   0.0000,-307.0000,   2.1500,   0.0000,-307.0000

**************************End Calculated Parameters ***********************

