---------------------------------------------------------------------------
 International Telecommunications Union - Radiocommunication Sector (ITU-R)
     ITURHFProp         Ver Jun 10 2022
     HF Model (P533)    Ver 14.3
     Noise Model (P372) Ver 14.3
     Analysis Prepared  Thu Dec  4 22:05:28 2025

---------------------------------------------------------------------------

***************************** P533 Input Parameters ****************************

	point2point
	Year          : 2025
	Month         : November
	Hour          : 1 (hour UTC)
	SSN (R12)     : 110
	Distance      : 8744.676377 (km)
	dmax          : 4000.000000 (km)
	Tx power      : -6.541575
	Tx Location     Transmitter
	Tx latitude   :  43.979279 N
	Tx longitude  : 120.737251 W
	Rx Location     Receiver
	Rx latitude   :  39.326069 N
	Rx longitude  :   4.837979 W
	local time Rx : 1 (hour UTC)
	local time Tx : 17 (hour UTC)
	Frequency     : 2.000000
	Bandwidth     : 2500.000000
	Modulation : ANALOG
	Required signal-to-noise ratio : -29.000000
	Required % of month signal-to-noise ratio :  90
	Required signal-to-interference ratio : 0.000000
	Man-made noise : RESIDENTIAL
	Antenna configuration : Transmitter main beam to receiver main beam
	Path Direction : SHORTPATH
	Transmit antenna               ISOTROPIC
	Transmit antenna bearing     : 45.215181
	Transmit antenna gain offset : 2.150000
	Receive antenna                ISOTROPIC
	Receive antenna bearing      : 318.681319
	Receive antenna gain offset  : 2.150000

************************ End P533 Input Parameters *****************************

************************** ITURHFP Input Parameters *****************************

	Upper left (North West) latitude   :  39.326069 N
	Upper left (North West) longitude  :   4.837979 W
	Lower right (South East) latitude  :  39.326069 N
	Lower right (South East) longitude :   4.837979 W
	Number of frequencies : 29
	Number of hours       : 24
	Number of months      : 1
	Latitude increment    : 57.295780 (deg)
	Longitude increment   : 57.295780 (deg)

************************** ITURHFP Input Parameters *****************************

******************************** Data Format ***********************************

Column 01: Month
Column 02: Hour
Column 03: Frequency (MHz)
Column 04: ele - Path minimum Rx elevation angle (deg)
Column 05: OPMUF - Operation MUF (MHz)
Column 06: Pr - Median receiver power (dB)
Column 07: SNR - Median signal-to-noise ratio (dB)
Column 08: BCR - Basic circuit reliability (%)
Column 09: Free-space Field Strength 3 MW e.i.r.p. (dB(1uV/m)
Column 10: Increased Long Distance Field Strength due to Focusing (dB)
Column 11: "Not otherwise included loss" (dB)
Column 12: Upper Reference Frequency (MHz)
Column 13: Lower Reference Frequency (MHz)
Column 14: Correction Factor at T + d0/2
Column 15: Correction Factor at R - d0/2
Column 16: Max Antenna Gain G_tl (0 - 8 deg)
Column 17: Max Antenna Gain G_rw (0 - 8 deg)
Column 18: Mean gyrofrequency
Column 19: Scale factor f(f ,fL, fM, fH)

************************** End Data Format ********************************

************************ Calculated Parameters ****************************

11, 01,    2.000,   2.00,  12.37,-138.16, -35.21,  23.09,  60.4112,   1.4612,  -0.1700,  18.1855,   1.8501,   1.4771,   1.8737,   2.1500,   2.1500,   1.3144,   0.0836
11, 01,    3.000,   2.00,  12.37,-122.28, -14.78,  86.83,  60.4112,   1.4612,  -0.1700,  18.1855,   1.8501,   1.4771,   1.8737,   2.1500,   2.1500,   1.3144,   0.4281
11, 01,    4.000,   2.00,  12.37,-115.78,  -4.91,  97.44,  60.4112,   1.4612,  -0.1700,  18.1855,   1.8501,   1.4771,   1.8737,   2.1500,   2.1500,   1.3144,   0.5822
11, 01,    5.000,   2.00,  12.37,-113.57,   0.20, 100.00,  60.4112,   1.4612,  -0.1700,  18.1855,   1.8501,   1.4771,   1.8737,   2.1500,   2.1500,   1.3144,   0.6531
11, 01,    6.000,   2.00,  12.37,-113.49,   2.94, 100.00,  60.4112,   1.4612,  -0.1700,  18.1855,   1.8501,   1.4771,   1.8737,   2.1500,   2.1500,   1.3144,   0.6805
11, 01,    7.000,   2.00,  12.37,-114.66,   4.18, 100.00,  60.4112,   1.4612,  -0.1700,  18.1855,   1.8501,   1.4771,   1.8737,   2.1500,   2.1500,   1.3144,   0.6817
11, 01,    8.000,   2.00,  12.37,-116.67,   4.33,  99.68,  60.4112,   1.4612,  -0.1700,  18.1855,   1.8501,   1.4771,   1.8737,   2.1500,   2.1500,   1.3144,   0.6652
11, 01,    9.000,   2.00,  12.37,-119.33,   3.55,  99.13,  60.4112,   1.4612,  -0.1700,  18.1855,   1.8501,   1.4771,   1.8737,   2.1500,   2.1500,   1.3144,   0.6357
11, 01,   10.000,   2.00,  12.37,-123.46,   1.04,  96.78,  60.4112,   1.4612,  -0.1700,  18.1855,   1.8501,   1.4771,   1.8737,   2.1500,   2.1500,   1.3144,   0.5958
11, 01,   11.000,   2.00,  12.37,-127.55,  -1.67,  94.86,  60.4112,   1.4612,  -0.1700,  18.1855,   1.8501,   1.4771,   1.8737,   2.1500,   2.1500,   1.3144,   0.5471
11, 01,   12.000,   2.00,  12.37,-132.00,  -4.93,  95.30,  60.4112,   1.4612,  -0.1700,  18.1855,   1.8501,   1.4771,   1.8737,   2.1500,   2.1500,   1.3144,   0.4907
11, 01,   13.000,   2.00,  12.37,-136.77,  -8.65,  91.94,  60.4112,   1.4612,  -0.1700,  18.1855,   1.8501,   1.4771,   1.8737,   2.1500,   2.1500,   1.3144,   0.4273
11, 01,   14.000,   2.00,  12.37,-141.85, -12.78,  88.89,  60.4112,   1.4612,  -0.1700,  18.1855,   1.8501,   1.4771,   1.8737,   2.1500,   2.1500,   1.3144,   0.3574
11, 01,   15.000,   2.00,  12.37,-147.22, -17.30,  82.44,  60.4112,   1.4612,  -0.1700,  18.1855,   1.8501,   1.4771,   1.8737,   2.1500,   2.1500,   1.3144,   0.2813
11, 01,   16.000,   2.00,  12.37,-152.89, -22.17,  72.77,  60.4112,   1.4612,  -0.1700,  18.1855,   1.8501,   1.4771,   1.8737,   2.1500,   2.1500,   1.3144,   0.1993
11, 01,   17.000,   2.00,  12.37,-158.84, -27.39,  56.86,  60.4112,   1.4612,  -0.1700,  18.1855,   1.8501,   1.4771,   1.8737,   2.1500,   2.1500,   1.3144,   0.1114
11, 01,   18.000,   2.00,  12.37,-165.06, -32.93,  29.64,  60.4112,   1.4612,  -0.1700,  18.1855,   1.8501,   1.4771,   1.8737,   2.1500,   2.1500,   1.3144,   0.0180
11, 01,   19.000,   2.00,  12.37,-171.53, -38.74,  13.32,  60.4112,   1.4612,  -0.1700,  18.1855,   1.8501,   1.4771,   1.8737,   2.1500,   2.1500,   1.3144,  -0.0811
11, 01,   20.000,   2.00,  12.37,-177.98, -44.58,   2.65,  60.4112,   1.4612,  -0.1700,  18.1855,   1.8501,   1.4771,   1.8737,   2.1500,   2.1500,   1.3144,  -0.1856
11, 01,   21.000,   2.00,  12.37,-184.56, -50.57,   0.00,  60.4112,   1.4612,  -0.1700,  18.1855,   1.8501,   1.4771,   1.8737,   2.1500,   2.1500,   1.3144,  -0.2955
11, 01,   22.000,   2.00,  12.37,-191.34, -56.80,   0.00,  60.4112,   1.4612,  -0.1700,  18.1855,   1.8501,   1.4771,   1.8737,   2.1500,   2.1500,   1.3144,  -0.4108
11, 01,   23.000,   2.00,  12.37,-198.30, -63.23,   0.00,  60.4112,   1.4612,  -0.1700,  18.1855,   1.8501,   1.4771,   1.8737,   2.1500,   2.1500,   1.3144,  -0.5314
11, 01,   24.000,   2.00,  12.37,-205.41, -69.83,   0.00,  60.4112,   1.4612,  -0.1700,  18.1855,   1.8501,   1.4771,   1.8737,   2.1500,   2.1500,   1.3144,  -0.6573
11, 01,   25.000,   2.00,  12.37,-212.64, -76.57,   0.00,  60.4112,   1.4612,  -0.1700,  18.1855,   1.8501,   1.4771,   1.8737,   2.1500,   2.1500,   1.3144,  -0.7884
11, 01,   26.000,   2.00,  12.37,-219.94, -83.40,   0.00,  60.4112,   1.4612,  -0.1700,  18.1855,   1.8501,   1.4771,   1.8737,   2.1500,   2.1500,   1.3144,  -0.9248
11, 01,   27.000,   2.00,  12.37,-227.26, -90.26,   0.00,  60.4112,   1.4612,  -0.1700,  18.1855,   1.8501,   1.4771,   1.8737,   2.1500,   2.1500,   1.3144,  -1.0665
11, 01,   28.000,   2.00,  12.37,-234.54, -97.11,   0.00,  60.4112,   1.4612,  -0.1700,  18.1855,   1.8501,   1.4771,   1.8737,   2.1500,   2.1500,   1.3144,  -1.2133
11, 01,   29.000,   2.00,  12.37,-241.71,-103.87,   0.00,  60.4112,   1.4612,  -0.1700,  18.1855,   1.8501,   1.4771,   1.8737,   2.1500,   2.1500,   1.3144,  -1.3654
11, 01,   30.000,   2.00,  12.37,-248.70,-110.45,   0.00,  60.4112,   1.4612,  -0.1700,  18.1855,   1.8501,   1.4771,   1.8737,   2.1500,   2.1500,   1.3144,  -1.5226
11, 02,    2.000,   2.00,  13.48,-133.09, -29.66,  45.93,  60.4112,   1.4612,  -0.1700,  19.3116,   1.7073,   1.5477,   1.8272,   2.1500,   2.1500,   1.3144,   0.1610
11, 02,    3.000,   2.00,  13.48,-119.02, -11.03,  91.05,  60.4112,   1.4612,  -0.1700,  19.3116,   1.7073,   1.5477,   1.8272,   2.1500,   2.1500,   1.3144,   0.4769
11, 02,    4.000,   2.00,  13.48,-113.39,  -2.06,  99.23,  60.4112,   1.4612,  -0.1700,  19.3116,   1.7073,   1.5477,   1.8272,   2.1500,   2.1500,   1.3144,   0.6185
11, 02,    5.000,   2.00,  13.48,-111.51,   2.64, 100.00,  60.4112,   1.4612,  -0.1700,  19.3116,   1.7073,   1.5477,   1.8272,   2.1500,   2.1500,   1.3144,   0.6841
11, 02,    6.000,   2.00,  13.48,-111.52,   5.19, 100.00,  60.4112,   1.4612,  -0.1700,  19.3116,   1.7073,   1.5477,   1.8272,   2.1500,   2.1500,   1.3144,   0.7098
11, 02,    7.000,   2.00,  13.48,-112.64,   6.39, 100.00,  60.4112,   1.4612,  -0.1700,  19.3116,   1.7073,   1.5477,   1.8272,   2.1500,   2.1500,   1.3144,   0.7116
11, 02,    8.000,   2.00,  13.48,-114.57,   6.54, 100.00,  60.4112,   1.4612,  -0.1700,  19.3116,   1.7073,   1.5477,   1.8272,   2.1500,   2.1500,   1.3144,   0.6973
11, 02,    9.000,   2.00,  13.48,-117.05,   5.88, 100.00,  60.4112,   1.4612,  -0.1700,  19.3116,   1.7073,   1.5477,   1.8272,   2.1500,   2.1500,   1.3144,   0.6712
11, 02,   10.000,   2.00,  13.48,-119.85,   4.67,  99.67,  60.4112,   1.4612,  -0.1700,  19.3116,   1.7073,   1.5477,   1.8272,   2.1500,   2.1500,   1.3144,   0.6356
11, 02,   11.000,   2.00,  13.48,-124.31,   1.57,  97.05,  60.4112,   1.4612,  -0.1700,  19.3116,   1.7073,   1.5477,   1.8272,   2.1500,   2.1500,   1.3144,   0.5921
11, 02,   12.000,   2.00,  13.48,-128.45,  -1.38,  95.03,  60.4112,   1.4612,  -0.1700,  19.3116,   1.7073,   1.5477,   1.8272,   2.1500,   2.1500,   1.3144,   0.5416
11, 02,   13.000,   2.00,  13.48,-132.85,  -4.74,  95.42,  60.4112,   1.4612,  -0.1700,  19.3116,   1.7073,   1.5477,   1.8272,   2.1500,   2.1500,   1.3144,   0.4849
11, 02,   14.000,   2.00,  13.48,-137.52,  -8.46,  92.10,  60.4112,   1.4612,  -0.1700,  19.3116,   1.7073,   1.5477,   1.8272,   2.1500,   2.1500,   1.3144,   0.4222
11, 02,   15.000,   2.00,  13.48,-142.44, -12.52,  89.20,  60.4112,   1.4612,  -0.1700,  19.3116,   1.7073,   1.5477,   1.8272,   2.1500,   2.1500,   1.3144,   0.3539
11, 02,   16.000,   2.00,  13.48,-147.61, -16.90,  83.08,  60.4112,   1.4612,  -0.1700,  19.3116,   1.7073,   1.5477,   1.8272,   2.1500,   2.1500,   1.3144,   0.2803
11, 02,   17.000,   2.00,  13.48,-153.03, -21.59,  74.12,  60.4112,   1.4612,  -0.1700,  19.3116,   1.7073,   1.5477,   1.8272,   2.1500,   2.1500,   1.3144,   0.2015
11, 02,   18.000,   2.00,  13.48,-158.71, -26.58,  59.90,  60.4112,   1.4612,  -0.1700,  19.3116,   1.7073,   1.5477,   1.8272,   2.1500,   2.1500,   1.3144,   0.1176
11, 02,   19.000,   2.00,  13.48,-164.63, -31.85,  34.12,  60.4112,   1.4612,  -0.1700,  19.3116,   1.7073,   1.5477,   1.8272,   2.1500,   2.1500,   1.3144,   0.0287
11, 02,   20.000,   2.00,  13.48,-170.79, -37.39,  16.26,  60.4112,   1.4612,  -0.1700,  19.3116,   1.7073,   1.5477,   1.8272,   2.1500,   2.1500,   1.3144,  -0.0651
11, 02,   21.000,   2.00,  13.48,-177.13, -43.14,   4.52,  60.4112,   1.4612,  -0.1700,  19.3116,   1.7073,   1.5477,   1.8272,   2.1500,   2.1500,   1.3144,  -0.1638
11, 02,   22.000,   2.00,  13.48,-183.35, -48.81,   0.00,  60.4112,   1.4612,  -0.1700,  19.3116,   1.7073,   1.5477,   1.8272,   2.1500,   2.1500,   1.3144,  -0.2673
11, 02,   23.000,   2.00,  13.48,-189.75, -54.68,   0.00,  60.4112,   1.4612,  -0.1700,  19.3116,   1.7073,   1.5477,   1.8272,   2.1500,   2.1500,   1.3144,  -0.3755
11, 02,   24.000,   2.00,  13.48,-196.31, -60.73,   0.00,  60.4112,   1.4612,  -0.1700,  19.3116,   1.7073,   1.5477,   1.8272,   2.1500,   2.1500,   1.3144,  -0.4886
11, 02,   25.000,   2.00,  13.48,-203.02, -66.94,   0.00,  60.4112,   1.4612,  -0.1700,  19.3116,   1.7073,   1.5477,   1.8272,   2.1500,   2.1500,   1.3144,  -0.6063
11, 02,   26.000,   2.00,  13.48,-209.83, -73.29,   0.00,  60.4112,   1.4612,  -0.1700,  19.3116,   1.7073,   1.5477,   1.8272,   2.1500,   2.1500,   1.3144,  -0.7288
11, 02,   27.000,   2.00,  13.48,-216.73, -79.74,   0.00,  60.4112,   1.4612,  -0.1700,  19.3116,   1.7073,   1.5477,   1.8272,   2.1500,   2.1500,   1.3144,  -0.8560
11, 02,   28.000,   2.00,  13.48,-223.67, -86.24,   0.00,  60.4112,   1.4612,  -0.1700,  19.3116,   1.7073,   1.5477,   1.8272,   2.1500,   2.1500,   1.3144,  -0.9879
11, 02,   29.000,   2.00,  13.48,-230.60, -92.76,   0.00,  60.4112,   1.4612,  -0.1700,  19.3116,   1.7073,   1.5477,   1.8272,   2.1500,   2.1500,   1.3144,  -1.1244
11, 02,   30.000,   2.00,  13.48,-237.47, -99.22,   0.00,  60.4112,   1.4612,  -0.1700,  19.3116,   1.7073,   1.5477,   1.8272,   2.1500,   2.1500,   1.3144,  -1.2656
11, 03,    2.000,   2.00,  14.47,-133.10, -29.12,  49.23,  60.4112,   1.4612,  -0.1700,  20.3138,   1.7073,   1.6391,   1.7894,   2.1500,   2.1500,   1.3144,   0.1617
11, 03,    3.000,   2.00,  14.47,-118.87, -10.33,  91.50,  60.4112,   1.4612,  -0.1700,  20.3138,   1.7073,   1.6391,   1.7894,   2.1500,   2.1500,   1.3144,   0.4798
11, 03,    4.000,   2.00,  14.47,-113.03,  -1.20,  99.56,  60.4112,   1.4612,  -0.1700,  20.3138,   1.7073,   1.6391,   1.7894,   2.1500,   2.1500,   1.3144,   0.6237
11, 03,    5.000,   2.00,  14.47,-111.03,   3.54, 100.00,  60.4112,   1.4612,  -0.1700,  20.3138,   1.7073,   1.6391,   1.7894,   2.1500,   2.1500,   1.3144,   0.6918
11, 03,    6.000,   2.00,  14.47,-110.91,   6.11, 100.00,  60.4112,   1.4612,  -0.1700,  20.3138,   1.7073,   1.6391,   1.7894,   2.1500,   2.1500,   1.3144,   0.7204
11, 03,    7.000,   2.00,  14.47,-111.87,   7.36, 100.00,  60.4112,   1.4612,  -0.1700,  20.3138,   1.7073,   1.6391,   1.7894,   2.1500,   2.1500,   1.3144,   0.7255
11, 03,    8.000,   2.00,  14.47,-113.56,   7.66, 100.00,  60.4112,   1.4612,  -0.1700,  20.3138,   1.7073,   1.6391,   1.7894,   2.1500,   2.1500,   1.3144,   0.7149
11, 03,    9.000,   2.00,  14.47,-115.78,   7.21, 100.00,  60.4112,   1.4612,  -0.1700,  20.3138,   1.7073,   1.6391,   1.7894,   2.1500,   2.1500,   1.3144,   0.6927
11, 03,   10.000,   2.00,  14.47,-118.44,   6.09, 100.00,  60.4112,   1.4612,  -0.1700,  20.3138,   1.7073,   1.6391,   1.7894,   2.1500,   2.1500,   1.3144,   0.6616
11, 03,   11.000,   2.00,  14.47,-121.31,   4.57,  99.55,  60.4112,   1.4612,  -0.1700,  20.3138,   1.7073,   1.6391,   1.7894,   2.1500,   2.1500,   1.3144,   0.6230
11, 03,   12.000,   2.00,  14.47,-125.94,   1.12,  96.73,  60.4112,   1.4612,  -0.1700,  20.3138,   1.7073,   1.6391,   1.7894,   2.1500,   2.1500,   1.3144,   0.5778
11, 03,   13.000,   2.00,  14.47,-130.01,  -1.91,  94.63,  60.4112,   1.4612,  -0.1700,  20.3138,   1.7073,   1.6391,   1.7894,   2.1500,   2.1500,   1.3144,   0.5266
11, 03,   14.000,   2.00,  14.47,-134.32,  -5.27,  94.97,  60.4112,   1.4612,  -0.1700,  20.3138,   1.7073,   1.6391,   1.7894,   2.1500,   2.1500,   1.3144,   0.4700
11, 03,   15.000,   2.00,  14.47,-138.86,  -8.95,  91.61,  60.4112,   1.4612,  -0.1700,  20.3138,   1.7073,   1.6391,   1.7894,   2.1500,   2.1500,   1.3144,   0.4083
11, 03,   16.000,   2.00,  14.47,-143.63, -12.93,  88.70,  60.4112,   1.4612,  -0.1700,  20.3138,   1.7073,   1.6391,   1.7894,   2.1500,   2.1500,   1.3144,   0.3415
11, 03,   17.000,   2.00,  14.47,-148.62, -17.18,  82.62,  60.4112,   1.4612,  -0.1700,  20.3138,   1.7073,   1.6391,   1.7894,   2.1500,   2.1500,   1.3144,   0.2700
11, 03,   18.000,   2.00,  14.47,-153.85, -21.71,  73.84,  60.4112,   1.4612,  -0.1700,  20.3138,   1.7073,   1.6391,   1.7894,   2.1500,   2.1500,   1.3144,   0.1938
11, 03,   19.000,   2.00,  14.47,-159.29, -26.51,  60.13,  60.4112,   1.4612,  -0.1700,  20.3138,   1.7073,   1.6391,   1.7894,   2.1500,   2.1500,   1.3144,   0.1130
11, 03,   20.000,   2.00,  14.47,-164.97, -31.57,  35.40,  60.4112,   1.4612,  -0.1700,  20.3138,   1.7073,   1.6391,   1.7894,   2.1500,   2.1500,   1.3144,   0.0277
11, 03,   21.000,   2.00,  14.47,-170.86, -36.87,  17.49,  60.4112,   1.4612,  -0.1700,  20.3138,   1.7073,   1.6391,   1.7894,   2.1500,   2.1500,   1.3144,  -0.0621
11, 03,   22.000,   2.00,  14.47,-176.94, -42.40,   6.95,  60.4112,   1.4612,  -0.1700,  20.3138,   1.7073,   1.6391,   1.7894,   2.1500,   2.1500,   1.3144,  -0.1562
11, 03,   23.000,   2.00,  14.47,-183.03, -47.96,   0.00,  60.4112,   1.4612,  -0.1700,  20.3138,   1.7073,   1.6391,   1.7894,   2.1500,   2.1500,   1.3144,  -0.2548
11, 03,   24.000,   2.00,  14.47,-189.13, -53.54,   0.00,  60.4112,   1.4612,  -0.1700,  20.3138,   1.7073,   1.6391,   1.7894,   2.1500,   2.1500,   1.3144,  -0.3577
11, 03,   25.000,   2.00,  14.47,-195.37, -59.30,   0.00,  60.4112,   1.4612,  -0.1700,  20.3138,   1.7073,   1.6391,   1.7894,   2.1500,   2.1500,   1.3144,  -0.4649
11, 03,   26.000,   2.00,  14.47,-201.75, -65.21,   0.00,  60.4112,   1.4612,  -0.1700,  20.3138,   1.7073,   1.6391,   1.7894,   2.1500,   2.1500,   1.3144,  -0.5764
11, 03,   27.000,   2.00,  14.47,-208.23, -71.24,   0.00,  60.4112,   1.4612,  -0.1700,  20.3138,   1.7073,   1.6391,   1.7894,   2.1500,   2.1500,   1.3144,  -0.6922
11, 03,   28.000,   2.00,  14.47,-214.80, -77.38,   0.00,  60.4112,   1.4612,  -0.1700,  20.3138,   1.7073,   1.6391,   1.7894,   2.1500,   2.1500,   1.3144,  -0.8123
11, 03,   29.000,   2.00,  14.47,-221.42, -83.58,   0.00,  60.4112,   1.4612,  -0.1700,  20.3138,   1.7073,   1.6391,   1.7894,   2.1500,   2.1500,   1.3144,  -0.9367
11, 03,   30.000,   2.00,  14.47,-228.05, -89.80,   0.00,  60.4112,   1.4612,  -0.1700,  20.3138,   1.7073,   1.6391,   1.7894,   2.1500,   2.1500,   1.3144,  -1.0653
11, 04,    2.000,   2.00,  13.37,-133.26, -28.66,  51.52,  60.4112,   1.4612,  -0.1700,  19.2075,   1.7073,   1.7487,   1.8313,   2.1500,   2.1500,   1.3144,   0.1609
11, 04,    3.000,   2.00,  13.37,-118.99,  -9.82,  91.87,  60.4112,   1.4612,  -0.1700,  19.2075,   1.7073,   1.7487,   1.8313,   2.1500,   2.1500,   1.3144,   0.4766
11, 04,    4.000,   2.00,  13.37,-113.32,  -0.92,  99.57,  60.4112,   1.4612,  -0.1700,  19.2075,   1.7073,   1.7487,   1.8313,   2.1500,   2.1500,   1.3144,   0.6179
11, 04,    5.000,   2.00,  13.37,-111.49,   3.54, 100.00,  60.4112,   1.4612,  -0.1700,  19.2075,   1.7073,   1.7487,   1.8313,   2.1500,   2.1500,   1.3144,   0.6832
11, 04,    6.000,   2.00,  13.37,-111.54,   5.81, 100.00,  60.4112,   1.4612,  -0.1700,  19.2075,   1.7073,   1.7487,   1.8313,   2.1500,   2.1500,   1.3144,   0.7086
11, 04,    7.000,   2.00,  13.37,-112.70,   6.75, 100.00,  60.4112,   1.4612,  -0.1700,  19.2075,   1.7073,   1.7487,   1.8313,   2.1500,   2.1500,   1.3144,   0.7101
11, 04,    8.000,   2.00,  13.37,-114.67,   6.68, 100.00,  60.4112,   1.4612,  -0.1700,  19.2075,   1.7073,   1.7487,   1.8313,   2.1500,   2.1500,   1.3144,   0.6954
11, 04,    9.000,   2.00,  13.37,-117.18,   5.87, 100.00,  60.4112,   1.4612,  -0.1700,  19.2075,   1.7073,   1.7487,   1.8313,   2.1500,   2.1500,   1.3144,   0.6687
11, 04,   10.000,   2.00,  13.37,-120.00,   4.56,  99.58,  60.4112,   1.4612,  -0.1700,  19.2075,   1.7073,   1.7487,   1.8313,   2.1500,   2.1500,   1.3144,   0.6327
11, 04,   11.000,   2.00,  13.37,-124.55,   1.33,  96.89,  60.4112,   1.4612,  -0.1700,  19.2075,   1.7073,   1.7487,   1.8313,   2.1500,   2.1500,   1.3144,   0.5886
11, 04,   12.000,   2.00,  13.37,-128.73,  -1.67,  94.82,  60.4112,   1.4612,  -0.1700,  19.2075,   1.7073,   1.7487,   1.8313,   2.1500,   2.1500,   1.3144,   0.5376
11, 04,   13.000,   2.00,  13.37,-133.17,  -5.07,  95.15,  60.4112,   1.4612,  -0.1700,  19.2075,   1.7073,   1.7487,   1.8313,   2.1500,   2.1500,   1.3144,   0.4802
11, 04,   14.000,   2.00,  13.37,-137.87,  -8.83,  91.74,  60.4112,   1.4612,  -0.1700,  19.2075,   1.7073,   1.7487,   1.8313,   2.1500,   2.1500,   1.3144,   0.4168
11, 04,   15.000,   2.00,  13.37,-142.84, -12.93,  88.70,  60.4112,   1.4612,  -0.1700,  19.2075,   1.7073,   1.7487,   1.8313,   2.1500,   2.1500,   1.3144,   0.3478
11, 04,   16.000,   2.00,  13.37,-148.06, -17.36,  82.34,  60.4112,   1.4612,  -0.1700,  19.2075,   1.7073,   1.7487,   1.8313,   2.1500,   2.1500,   1.3144,   0.2735
11, 04,   17.000,   2.00,  13.37,-153.53, -22.09,  72.96,  60.4112,   1.4612,  -0.1700,  19.2075,   1.7073,   1.7487,   1.8313,   2.1500,   2.1500,   1.3144,   0.1938
11, 04,   18.000,   2.00,  13.37,-159.26, -27.13,  57.87,  60.4112,   1.4612,  -0.1700,  19.2075,   1.7073,   1.7487,   1.8313,   2.1500,   2.1500,   1.3144,   0.1091
11, 04,   19.000,   2.00,  13.37,-165.23, -32.45,  31.54,  60.4112,   1.4612,  -0.1700,  19.2075,   1.7073,   1.7487,   1.8313,   2.1500,   2.1500,   1.3144,   0.0193
11, 04,   20.000,   2.00,  13.37,-171.44, -38.04,  14.79,  60.4112,   1.4612,  -0.1700,  19.2075,   1.7073,   1.7487,   1.8313,   2.1500,   2.1500,   1.3144,  -0.0755
11, 04,   21.000,   2.00,  13.37,-177.78, -43.79,   3.64,  60.4112,   1.4612,  -0.1700,  19.2075,   1.7073,   1.7487,   1.8313,   2.1500,   2.1500,   1.3144,  -0.1752
11, 04,   22.000,   2.00,  13.37,-184.05, -49.50,   0.00,  60.4112,   1.4612,  -0.1700,  19.2075,   1.7073,   1.7487,   1.8313,   2.1500,   2.1500,   1.3144,  -0.2797
11, 04,   23.000,   2.00,  13.37,-190.49, -55.42,   0.00,  60.4112,   1.4612,  -0.1700,  19.2075,   1.7073,   1.7487,   1.8313,   2.1500,   2.1500,   1.3144,  -0.3891
11, 04,   24.000,   2.00,  13.37,-197.11, -61.53,   0.00,  60.4112,   1.4612,  -0.1700,  19.2075,   1.7073,   1.7487,   1.8313,   2.1500,   2.1500,   1.3144,  -0.5033
11, 04,   25.000,   2.00,  13.37,-203.86, -67.79,   0.00,  60.4112,   1.4612,  -0.1700,  19.2075,   1.7073,   1.7487,   1.8313,   2.1500,   2.1500,   1.3144,  -0.6222
11, 04,   26.000,   2.00,  13.37,-210.72, -74.18,   0.00,  60.4112,   1.4612,  -0.1700,  19.2075,   1.7073,   1.7487,   1.8313,   2.1500,   2.1500,   1.3144,  -0.7459
11, 04,   27.000,   2.00,  13.37,-217.66, -80.67,   0.00,  60.4112,   1.4612,  -0.1700,  19.2075,   1.7073,   1.7487,   1.8313,   2.1500,   2.1500,   1.3144,  -0.8744
11, 04,   28.000,   2.00,  13.37,-224.64, -87.21,   0.00,  60.4112,   1.4612,  -0.1700,  19.2075,   1.7073,   1.7487,   1.8313,   2.1500,   2.1500,   1.3144,  -1.0076
11, 04,   29.000,   2.00,  13.37,-231.60, -93.75,   0.00,  60.4112,   1.4612,  -0.1700,  19.2075,   1.7073,   1.7487,   1.8313,   2.1500,   2.1500,   1.3144,  -1.1455
11, 04,   30.000,   2.00,  13.37,-238.49,-100.24,   0.00,  60.4112,   1.4612,  -0.1700,  19.2075,   1.7073,   1.7487,   1.8313,   2.1500,   2.1500,   1.3144,  -1.2881
11, 05,    2.000,   2.00,  10.80,-133.04, -27.71,  55.49,  60.4112,   1.4612,  -0.1700,  16.5002,   1.7073,   1.8328,   1.9530,   2.1500,   2.1500,   1.3144,   0.1584
11, 05,    3.000,   2.00,  10.80,-119.19,  -9.29,  92.43,  60.4112,   1.4612,  -0.1700,  16.5002,   1.7073,   1.8328,   1.9530,   2.1500,   2.1500,   1.3144,   0.4662
11, 05,    4.000,   2.00,  10.80,-114.01,  -0.96,  99.46,  60.4112,   1.4612,  -0.1700,  16.5002,   1.7073,   1.8328,   1.9530,   2.1500,   2.1500,   1.3144,   0.5992
11, 05,    5.000,   2.00,  10.80,-112.68,   2.86, 100.00,  60.4112,   1.4612,  -0.1700,  16.5002,   1.7073,   1.8328,   1.9530,   2.1500,   2.1500,   1.3144,   0.6553
11, 05,    6.000,   2.00,  10.80,-113.34,   4.37, 100.00,  60.4112,   1.4612,  -0.1700,  16.5002,   1.7073,   1.8328,   1.9530,   2.1500,   2.1500,   1.3144,   0.6702
11, 05,    7.000,   2.00,  10.80,-115.21,   4.46,  99.54,  60.4112,   1.4612,  -0.1700,  16.5002,   1.7073,   1.8328,   1.9530,   2.1500,   2.1500,   1.3144,   0.6599
11, 05,    8.000,   2.00,  10.80,-117.96,   3.51,  99.00,  60.4112,   1.4612,  -0.1700,  16.5002,   1.7073,   1.8328,   1.9530,   2.1500,   2.1500,   1.3144,   0.6320
11, 05,    9.000,   2.00,  10.80,-122.66,   0.44,  96.36,  60.4112,   1.4612,  -0.1700,  16.5002,   1.7073,   1.8328,   1.9530,   2.1500,   2.1500,   1.3144,   0.5907
11, 05,   10.000,   2.00,  10.80,-127.19,  -2.62,  97.16,  60.4112,   1.4612,  -0.1700,  16.5002,   1.7073,   1.8328,   1.9530,   2.1500,   2.1500,   1.3144,   0.5386
11, 05,   11.000,   2.00,  10.80,-132.11,  -6.23,  94.23,  60.4112,   1.4612,  -0.1700,  16.5002,   1.7073,   1.8328,   1.9530,   2.1500,   2.1500,   1.3144,   0.4770
11, 05,   12.000,   2.00,  10.80,-137.41, -10.36,  91.73,  60.4112,   1.4612,  -0.1700,  16.5002,   1.7073,   1.8328,   1.9530,   2.1500,   2.1500,   1.3144,   0.4070
11, 05,   13.000,   2.00,  10.80,-143.06, -14.97,  86.03,  60.4112,   1.4612,  -0.1700,  16.5002,   1.7073,   1.8328,   1.9530,   2.1500,   2.1500,   1.3144,   0.3291
11, 05,   14.000,   2.00,  10.80,-149.07, -20.03,  77.49,  60.4112,   1.4612,  -0.1700,  16.5002,   1.7073,   1.8328,   1.9530,   2.1500,   2.1500,   1.3144,   0.2438
11, 05,   15.000,   2.00,  10.80,-155.41, -25.51,  63.51,  60.4112,   1.4612,  -0.1700,  16.5002,   1.7073,   1.8328,   1.9530,   2.1500,   2.1500,   1.3144,   0.1514
11, 05,   16.000,   2.00,  10.80,-162.07, -31.38,  36.29,  60.4112,   1.4612,  -0.1700,  16.5002,   1.7073,   1.8328,   1.9530,   2.1500,   2.1500,   1.3144,   0.0522
11, 05,   17.000,   2.00,  10.80,-168.92, -37.49,  14.69,  60.4112,   1.4612,  -0.1700,  16.5002,   1.7073,   1.8328,   1.9530,   2.1500,   2.1500,   1.3144,  -0.0538
11, 05,   18.000,   2.00,  10.80,-175.78, -43.65,   3.84,  60.4112,   1.4612,  -0.1700,  16.5002,   1.7073,   1.8328,   1.9530,   2.1500,   2.1500,   1.3144,  -0.1664
11, 05,   19.000,   2.00,  10.80,-182.90, -50.12,   0.00,  60.4112,   1.4612,  -0.1700,  16.5002,   1.7073,   1.8328,   1.9530,   2.1500,   2.1500,   1.3144,  -0.2855
11, 05,   20.000,   2.00,  10.80,-190.25, -56.86,   0.00,  60.4112,   1.4612,  -0.1700,  16.5002,   1.7073,   1.8328,   1.9530,   2.1500,   2.1500,   1.3144,  -0.4110
11, 05,   21.000,   2.00,  10.80,-197.82, -63.84,   0.00,  60.4112,   1.4612,  -0.1700,  16.5002,   1.7073,   1.8328,   1.9530,   2.1500,   2.1500,   1.3144,  -0.5429
11, 05,   22.000,   2.00,  10.80,-205.55, -71.01,   0.00,  60.4112,   1.4612,  -0.1700,  16.5002,   1.7073,   1.8328,   1.9530,   2.1500,   2.1500,   1.3144,  -0.6812
11, 05,   23.000,   2.00,  10.80,-213.40, -78.32,   0.00,  60.4112,   1.4612,  -0.1700,  16.5002,   1.7073,   1.8328,   1.9530,   2.1500,   2.1500,   1.3144,  -0.8258
11, 05,   24.000,   2.00,  10.80,-221.30, -85.72,   0.00,  60.4112,   1.4612,  -0.1700,  16.5002,   1.7073,   1.8328,   1.9530,   2.1500,   2.1500,   1.3144,  -0.9766
11, 05,   25.000,   2.00,  10.80,-229.19, -93.12,   0.00,  60.4112,   1.4612,  -0.1700,  16.5002,   1.7073,   1.8328,   1.9530,   2.1500,   2.1500,   1.3144,  -1.1337
11, 05,   26.000,   2.00,  10.80,-236.98,-100.45,   0.00,  60.4112,   1.4612,  -0.1700,  16.5002,   1.7073,   1.8328,   1.9530,   2.1500,   2.1500,   1.3144,  -1.2970
11, 05,   27.000,   2.00,  10.80,-244.58,-107.59,   0.00,  60.4112,   1.4612,  -0.1700,  16.5002,   1.7073,   1.8328,   1.9530,   2.1500,   2.1500,   1.3144,  -1.4666
11, 05,   28.000,   2.00,  10.80,-251.89,-114.46,   0.00,  60.4112,   1.4612,  -0.1700,  16.5002,   1.7073,   1.8328,   1.9530,   2.1500,   2.1500,   1.3144,  -1.6424
11, 05,   29.000,   2.00,  10.80,-258.79,-120.94,   0.00,  60.4112,   1.4612,  -0.1700,  16.5002,   1.7073,   1.8328,   1.9530,   2.1500,   2.1500,   1.3144,  -1.8243
11, 05,   30.000,   2.00,  10.80,-265.19,-126.94,   0.00,  60.4112,   1.4612,  -0.1700,  16.5002,   1.7073,   1.8328,   1.9530,   2.1500,   2.1500,   1.3144,  -2.0125
11, 06,    2.000,   2.00,  10.37,-133.08, -27.64,  55.80,  60.4112,   1.4612,  -0.1700,  16.0003,   1.7073,   1.8423,   1.9790,   2.1500,   2.1500,   1.3144,   0.1578
11, 06,    3.000,   2.00,  10.37,-119.36,  -9.28,  92.53,  60.4112,   1.4612,  -0.1700,  16.0003,   1.7073,   1.8423,   1.9790,   2.1500,   2.1500,   1.3144,   0.4637
11, 06,    4.000,   2.00,  10.37,-114.26,  -0.97,  99.50,  60.4112,   1.4612,  -0.1700,  16.0003,   1.7073,   1.8423,   1.9790,   2.1500,   2.1500,   1.3144,   0.5948
11, 06,    5.000,   2.00,  10.37,-113.04,   2.78, 100.00,  60.4112,   1.4612,  -0.1700,  16.0003,   1.7073,   1.8423,   1.9790,   2.1500,   2.1500,   1.3144,   0.6487
11, 06,    6.000,   2.00,  10.37,-113.83,   4.16, 100.00,  60.4112,   1.4612,  -0.1700,  16.0003,   1.7073,   1.8423,   1.9790,   2.1500,   2.1500,   1.3144,   0.6612
11, 06,    7.000,   2.00,  10.37,-116.00,   3.92,  99.20,  60.4112,   1.4612,  -0.1700,  16.0003,   1.7073,   1.8423,   1.9790,   2.1500,   2.1500,   1.3144,   0.6481
11, 06,    8.000,   2.00,  10.37,-119.68,   1.99,  97.33,  60.4112,   1.4612,  -0.1700,  16.0003,   1.7073,   1.8423,   1.9790,   2.1500,   2.1500,   1.3144,   0.6170
11, 06,    9.000,   2.00,  10.37,-123.97,  -0.72,  95.54,  60.4112,   1.4612,  -0.1700,  16.0003,   1.7073,   1.8423,   1.9790,   2.1500,   2.1500,   1.3144,   0.5723
11, 06,   10.000,   2.00,  10.37,-128.71,  -4.07,  96.03,  60.4112,   1.4612,  -0.1700,  16.0003,   1.7073,   1.8423,   1.9790,   2.1500,   2.1500,   1.3144,   0.5164
11, 06,   11.000,   2.00,  10.37,-133.88,  -7.98,  92.64,  60.4112,   1.4612,  -0.1700,  16.0003,   1.7073,   1.8423,   1.9790,   2.1500,   2.1500,   1.3144,   0.4507
11, 06,   12.000,   2.00,  10.37,-139.43, -12.42,  89.41,  60.4112,   1.4612,  -0.1700,  16.0003,   1.7073,   1.8423,   1.9790,   2.1500,   2.1500,   1.3144,   0.3762
11, 06,   13.000,   2.00,  10.37,-145.37, -17.34,  82.44,  60.4112,   1.4612,  -0.1700,  16.0003,   1.7073,   1.8423,   1.9790,   2.1500,   2.1500,   1.3144,   0.2935
11, 06,   14.000,   2.00,  10.37,-151.68, -22.71,  71.50,  60.4112,   1.4612,  -0.1700,  16.0003,   1.7073,   1.8423,   1.9790,   2.1500,   2.1500,   1.3144,   0.2030
11, 06,   15.000,   2.00,  10.37,-158.33, -28.51,  52.24,  60.4112,   1.4612,  -0.1700,  16.0003,   1.7073,   1.8423,   1.9790,   2.1500,   2.1500,   1.3144,   0.1052
11, 06,   16.000,   2.00,  10.37,-165.28, -34.65,  22.44,  60.4112,   1.4612,  -0.1700,  16.0003,   1.7073,   1.8423,   1.9790,   2.1500,   2.1500,   1.3144,   0.0000
11, 06,   17.000,   2.00,  10.37,-172.23, -40.84,   8.05,  60.4112,   1.4612,  -0.1700,  16.0003,   1.7073,   1.8423,   1.9790,   2.1500,   2.1500,   1.3144,  -0.1122
11, 06,   18.000,   2.00,  10.37,-179.41, -47.32,   0.00,  60.4112,   1.4612,  -0.1700,  16.0003,   1.7073,   1.8423,   1.9790,   2.1500,   2.1500,   1.3144,  -0.2313
11, 06,   19.000,   2.00,  10.37,-186.86, -54.11,   0.00,  60.4112,   1.4612,  -0.1700,  16.0003,   1.7073,   1.8423,   1.9790,   2.1500,   2.1500,   1.3144,  -0.3573
11, 06,   20.000,   2.00,  10.37,-194.55, -61.17,   0.00,  60.4112,   1.4612,  -0.1700,  16.0003,   1.7073,   1.8423,   1.9790,   2.1500,   2.1500,   1.3144,  -0.4901
11, 06,   21.000,   2.00,  10.37,-202.43, -68.46,   0.00,  60.4112,   1.4612,  -0.1700,  16.0003,   1.7073,   1.8423,   1.9790,   2.1500,   2.1500,   1.3144,  -0.6296
11, 06,   22.000,   2.00,  10.37,-210.46, -75.92,   0.00,  60.4112,   1.4612,  -0.1700,  16.0003,   1.7073,   1.8423,   1.9790,   2.1500,   2.1500,   1.3144,  -0.7758
11, 06,   23.000,   2.00,  10.37,-218.57, -83.50,   0.00,  60.4112,   1.4612,  -0.1700,  16.0003,   1.7073,   1.8423,   1.9790,   2.1500,   2.1500,   1.3144,  -0.9287
11, 06,   24.000,   2.00,  10.37,-226.69, -91.11,   0.00,  60.4112,   1.4612,  -0.1700,  16.0003,   1.7073,   1.8423,   1.9790,   2.1500,   2.1500,   1.3144,  -1.0881
11, 06,   25.000,   2.00,  10.37,-234.73, -98.66,   0.00,  60.4112,   1.4612,  -0.1700,  16.0003,   1.7073,   1.8423,   1.9790,   2.1500,   2.1500,   1.3144,  -1.2542
11, 06,   26.000,   2.00,  10.37,-242.60,-106.06,   0.00,  60.4112,   1.4612,  -0.1700,  16.0003,   1.7073,   1.8423,   1.9790,   2.1500,   2.1500,   1.3144,  -1.4269
11, 06,   27.000,   2.00,  10.37,-250.18,-113.19,   0.00,  60.4112,   1.4612,  -0.1700,  16.0003,   1.7073,   1.8423,   1.9790,   2.1500,   2.1500,   1.3144,  -1.6062
11, 06,   28.000,   2.00,  10.37,-257.36,-119.93,   0.00,  60.4112,   1.4612,  -0.1700,  16.0003,   1.7073,   1.8423,   1.9790,   2.1500,   2.1500,   1.3144,  -1.7920
11, 06,   29.000,   2.00,  10.37,-264.02,-126.18,   0.00,  60.4112,   1.4612,  -0.1700,  16.0003,   1.7073,   1.8423,   1.9790,   2.1500,   2.1500,   1.3144,  -1.9843
11, 06,   30.000,   2.00,  10.37,-270.08,-131.83,   0.00,  60.4112,   1.4612,  -0.1700,  16.0003,   1.7073,   1.8423,   1.9790,   2.1500,   2.1500,   1.3144,  -2.1832
11, 07,    2.000,   2.00,  13.08,-132.93, -27.37,  56.88,  60.4112,   1.4612,  -0.1700,  18.3569,   1.7073,   1.8080,   1.7774,   2.1500,   2.1500,   1.3144,   0.1602
11, 07,    3.000,   2.00,  13.08,-118.93,  -8.66,  93.22,  60.4112,   1.4612,  -0.1700,  18.3569,   1.7073,   1.8080,   1.7774,   2.1500,   2.1500,   1.3144,   0.4738
11, 07,    4.000,   2.00,  13.08,-113.34,   0.22, 100.00,  60.4112,   1.4612,  -0.1700,  18.3569,   1.7073,   1.8080,   1.7774,   2.1500,   2.1500,   1.3144,   0.6129
11, 07,    5.000,   2.00,  13.08,-111.62,   4.50, 100.00,  60.4112,   1.4612,  -0.1700,  18.3569,   1.7073,   1.8080,   1.7774,   2.1500,   2.1500,   1.3144,   0.6756
11, 07,    6.000,   2.00,  13.08,-111.82,   6.47, 100.00,  60.4112,   1.4612,  -0.1700,  18.3569,   1.7073,   1.8080,   1.7774,   2.1500,   2.1500,   1.3144,   0.6982
11, 07,    7.000,   2.00,  13.08,-113.18,   7.01, 100.00,  60.4112,   1.4612,  -0.1700,  18.3569,   1.7073,   1.8080,   1.7774,   2.1500,   2.1500,   1.3144,   0.6964
11, 07,    8.000,   2.00,  13.08,-115.32,   6.57, 100.00,  60.4112,   1.4612,  -0.1700,  18.3569,   1.7073,   1.8080,   1.7774,   2.1500,   2.1500,   1.3144,   0.6781
11, 07,    9.000,   2.00,  13.08,-118.09,   5.30,  99.94,  60.4112,   1.4612,  -0.1700,  18.3569,   1.7073,   1.8080,   1.7774,   2.1500,   2.1500,   1.3144,   0.6476
11, 07,   10.000,   2.00,  13.08,-121.12,   3.61,  98.98,  60.4112,   1.4612,  -0.1700,  18.3569,   1.7073,   1.8080,   1.7774,   2.1500,   2.1500,   1.3144,   0.6071
11, 07,   11.000,   2.00,  13.08,-126.18,  -0.26,  95.82,  60.4112,   1.4612,  -0.1700,  18.3569,   1.7073,   1.8080,   1.7774,   2.1500,   2.1500,   1.3144,   0.5583
11, 07,   12.000,   2.00,  13.08,-130.66,  -3.67,  93.32,  60.4112,   1.4612,  -0.1700,  18.3569,   1.7073,   1.8080,   1.7774,   2.1500,   2.1500,   1.3144,   0.5021
11, 07,   13.000,   2.00,  13.08,-135.44,  -7.46,  93.11,  60.4112,   1.4612,  -0.1700,  18.3569,   1.7073,   1.8080,   1.7774,   2.1500,   2.1500,   1.3144,   0.4392
11, 07,   14.000,   2.00,  13.08,-140.50, -11.60,  88.84,  60.4112,   1.4612,  -0.1700,  18.3569,   1.7073,   1.8080,   1.7774,   2.1500,   2.1500,   1.3144,   0.3698
11, 07,   15.000,   2.00,  13.08,-145.84, -16.08,  84.43,  60.4112,   1.4612,  -0.1700,  18.3569,   1.7073,   1.8080,   1.7774,   2.1500,   2.1500,   1.3144,   0.2945
11, 07,   16.000,   2.00,  13.08,-151.45, -20.88,  75.74,  60.4112,   1.4612,  -0.1700,  18.3569,   1.7073,   1.8080,   1.7774,   2.1500,   2.1500,   1.3144,   0.2134
11, 07,   17.000,   2.00,  13.08,-157.35, -26.01,  61.89,  60.4112,   1.4612,  -0.1700,  18.3569,   1.7073,   1.8080,   1.7774,   2.1500,   2.1500,   1.3144,   0.1266
11, 07,   18.000,   2.00,  13.08,-163.52, -31.46,  35.91,  60.4112,   1.4612,  -0.1700,  18.3569,   1.7073,   1.8080,   1.7774,   2.1500,   2.1500,   1.3144,   0.0343
11, 07,   19.000,   2.00,  13.08,-169.94, -37.21,  16.68,  60.4112,   1.4612,  -0.1700,  18.3569,   1.7073,   1.8080,   1.7774,   2.1500,   2.1500,   1.3144,  -0.0635
11, 07,   20.000,   2.00,  13.08,-176.57, -43.20,   5.79,  60.4112,   1.4612,  -0.1700,  18.3569,   1.7073,   1.8080,   1.7774,   2.1500,   2.1500,   1.3144,  -0.1666
11, 07,   21.000,   2.00,  13.08,-183.17, -49.21,   0.00,  60.4112,   1.4612,  -0.1700,  18.3569,   1.7073,   1.8080,   1.7774,   2.1500,   2.1500,   1.3144,  -0.2750
11, 07,   22.000,   2.00,  13.08,-189.85, -55.32,   0.00,  60.4112,   1.4612,  -0.1700,  18.3569,   1.7073,   1.8080,   1.7774,   2.1500,   2.1500,   1.3144,  -0.3887
11, 07,   23.000,   2.00,  13.08,-196.70, -61.63,   0.00,  60.4112,   1.4612,  -0.1700,  18.3569,   1.7073,   1.8080,   1.7774,   2.1500,   2.1500,   1.3144,  -0.5077
11, 07,   24.000,   2.00,  13.08,-203.69, -68.11,   0.00,  60.4112,   1.4612,  -0.1700,  18.3569,   1.7073,   1.8080,   1.7774,   2.1500,   2.1500,   1.3144,  -0.6318
11, 07,   25.000,   2.00,  13.08,-210.79, -74.72,   0.00,  60.4112,   1.4612,  -0.1700,  18.3569,   1.7073,   1.8080,   1.7774,   2.1500,   2.1500,   1.3144,  -0.7611
11, 07,   26.000,   2.00,  13.08,-217.96, -81.42,   0.00,  60.4112,   1.4612,  -0.1700,  18.3569,   1.7073,   1.8080,   1.7774,   2.1500,   2.1500,   1.3144,  -0.8956
11, 07,   27.000,   2.00,  13.08,-225.15, -88.16,   0.00,  60.4112,   1.4612,  -0.1700,  18.3569,   1.7073,   1.8080,   1.7774,   2.1500,   2.1500,   1.3144,  -1.0352
11, 07,   28.000,   2.00,  13.08,-232.30, -94.88,   0.00,  60.4112,   1.4612,  -0.1700,  18.3569,   1.7073,   1.8080,   1.7774,   2.1500,   2.1500,   1.3144,  -1.1799
11, 07,   29.000,   2.00,  13.08,-239.35,-101.50,   0.00,  60.4112,   1.4612,  -0.1700,  18.3569,   1.7073,   1.8080,   1.7774,   2.1500,   2.1500,   1.3144,  -1.3298
11, 07,   30.000,   2.00,  13.08,-246.22,-107.97,   0.00,  60.4112,   1.4612,  -0.1700,  18.3569,   1.7073,   1.8080,   1.7774,   2.1500,   2.1500,   1.3144,  -1.4848
11, 08,    2.000,   2.00,  13.61,-144.30, -38.62,  13.71,  60.4112,   1.4612,  -0.1700,  18.9153,   2.1138,   1.7857,   1.5680,   2.1500,   2.1500,   1.3144,  -0.0661
11, 08,    3.000,   2.00,  13.61,-125.89, -15.43,  85.23,  60.4112,   1.4612,  -0.1700,  18.9153,   2.1138,   1.7857,   1.5680,   2.1500,   2.1500,   1.3144,   0.3420
11, 08,    4.000,   2.00,  13.61,-117.98,  -4.15,  97.26,  60.4112,   1.4612,  -0.1700,  18.9153,   2.1138,   1.7857,   1.5680,   2.1500,   2.1500,   1.3144,   0.5284
11, 08,    5.000,   2.00,  13.61,-114.86,   1.59, 100.00,  60.4112,   1.4612,  -0.1700,  18.9153,   2.1138,   1.7857,   1.5680,   2.1500,   2.1500,   1.3144,   0.6188
11, 08,    6.000,   2.00,  13.61,-114.11,   4.51, 100.00,  60.4112,   1.4612,  -0.1700,  18.9153,   2.1138,   1.7857,   1.5680,   2.1500,   2.1500,   1.3144,   0.6594
11, 08,    7.000,   2.00,  13.61,-114.74,   5.74, 100.00,  60.4112,   1.4612,  -0.1700,  18.9153,   2.1138,   1.7857,   1.5680,   2.1500,   2.1500,   1.3144,   0.6705
11, 08,    8.000,   2.00,  13.61,-116.36,   5.75, 100.00,  60.4112,   1.4612,  -0.1700,  18.9153,   2.1138,   1.7857,   1.5680,   2.1500,   2.1500,   1.3144,   0.6622
11, 08,    9.000,   2.00,  13.61,-118.51,   5.03,  99.76,  60.4112,   1.4612,  -0.1700,  18.9153,   2.1138,   1.7857,   1.5680,   2.1500,   2.1500,   1.3144,   0.6399
11, 08,   10.000,   2.00,  13.61,-121.27,   3.53,  98.91,  60.4112,   1.4612,  -0.1700,  18.9153,   2.1138,   1.7857,   1.5680,   2.1500,   2.1500,   1.3144,   0.6067
11, 08,   11.000,   2.00,  13.61,-125.63,   0.30,  96.19,  60.4112,   1.4612,  -0.1700,  18.9153,   2.1138,   1.7857,   1.5680,   2.1500,   2.1500,   1.3144,   0.5645
11, 08,   12.000,   2.00,  13.61,-129.75,  -2.79,  94.00,  60.4112,   1.4612,  -0.1700,  18.9153,   2.1138,   1.7857,   1.5680,   2.1500,   2.1500,   1.3144,   0.5145
11, 08,   13.000,   2.00,  13.61,-134.18,  -6.26,  94.20,  60.4112,   1.4612,  -0.1700,  18.9153,   2.1138,   1.7857,   1.5680,   2.1500,   2.1500,   1.3144,   0.4575
11, 08,   14.000,   2.00,  13.61,-138.89, -10.07,  90.55,  60.4112,   1.4612,  -0.1700,  18.9153,   2.1138,   1.7857,   1.5680,   2.1500,   2.1500,   1.3144,   0.3942
11, 08,   15.000,   2.00,  13.61,-143.88, -14.19,  87.15,  60.4112,   1.4612,  -0.1700,  18.9153,   2.1138,   1.7857,   1.5680,   2.1500,   2.1500,   1.3144,   0.3249
11, 08,   16.000,   2.00,  13.61,-149.14, -18.63,  80.21,  60.4112,   1.4612,  -0.1700,  18.9153,   2.1138,   1.7857,   1.5680,   2.1500,   2.1500,   1.3144,   0.2498
11, 08,   17.000,   2.00,  13.61,-154.67, -23.38,  69.78,  60.4112,   1.4612,  -0.1700,  18.9153,   2.1138,   1.7857,   1.5680,   2.1500,   2.1500,   1.3144,   0.1692
11, 08,   18.000,   2.00,  13.61,-160.47, -28.44,  52.51,  60.4112,   1.4612,  -0.1700,  18.9153,   2.1138,   1.7857,   1.5680,   2.1500,   2.1500,   1.3144,   0.0833
11, 08,   19.000,   2.00,  13.61,-166.52, -33.81,  26.40,  60.4112,   1.4612,  -0.1700,  18.9153,   2.1138,   1.7857,   1.5680,   2.1500,   2.1500,   1.3144,  -0.0079
11, 08,   20.000,   2.00,  13.61,-172.82, -39.47,  11.87,  60.4112,   1.4612,  -0.1700,  18.9153,   2.1138,   1.7857,   1.5680,   2.1500,   2.1500,   1.3144,  -0.1043
11, 08,   21.000,   2.00,  13.61,-179.33, -45.37,   1.68,  60.4112,   1.4612,  -0.1700,  18.9153,   2.1138,   1.7857,   1.5680,   2.1500,   2.1500,   1.3144,  -0.2057
11, 08,   22.000,   2.00,  13.61,-185.74, -51.22,   0.00,  60.4112,   1.4612,  -0.1700,  18.9153,   2.1138,   1.7857,   1.5680,   2.1500,   2.1500,   1.3144,  -0.3122
11, 08,   23.000,   2.00,  13.61,-192.27, -57.20,   0.00,  60.4112,   1.4612,  -0.1700,  18.9153,   2.1138,   1.7857,   1.5680,   2.1500,   2.1500,   1.3144,  -0.4236
11, 08,   24.000,   2.00,  13.61,-198.95, -63.37,   0.00,  60.4112,   1.4612,  -0.1700,  18.9153,   2.1138,   1.7857,   1.5680,   2.1500,   2.1500,   1.3144,  -0.5400
11, 08,   25.000,   2.00,  13.61,-205.77, -69.70,   0.00,  60.4112,   1.4612,  -0.1700,  18.9153,   2.1138,   1.7857,   1.5680,   2.1500,   2.1500,   1.3144,  -0.6613
11, 08,   26.000,   2.00,  13.61,-212.69, -76.15,   0.00,  60.4112,   1.4612,  -0.1700,  18.9153,   2.1138,   1.7857,   1.5680,   2.1500,   2.1500,   1.3144,  -0.7875
11, 08,   27.000,   2.00,  13.61,-219.66, -82.67,   0.00,  60.4112,   1.4612,  -0.1700,  18.9153,   2.1138,   1.7857,   1.5680,   2.1500,   2.1500,   1.3144,  -0.9186
11, 08,   28.000,   2.00,  13.61,-226.66, -89.24,   0.00,  60.4112,   1.4612,  -0.1700,  18.9153,   2.1138,   1.7857,   1.5680,   2.1500,   2.1500,   1.3144,  -1.0545
11, 08,   29.000,   2.00,  13.61,-233.62, -95.78,   0.00,  60.4112,   1.4612,  -0.1700,  18.9153,   2.1138,   1.7857,   1.5680,   2.1500,   2.1500,   1.3144,  -1.1953
11, 08,   30.000,   2.00,  13.61,-240.48,-102.23,   0.00,  60.4112,   1.4612,  -0.1700,  18.9153,   2.1138,   1.7857,   1.5680,   2.1500,   2.1500,   1.3144,  -1.3409
11, 09,    2.000,   2.00,  13.31,-188.44, -82.64,   0.00,  60.4112,   1.4612,  -0.1700,  18.6470,   3.5791,   1.7962,   1.4473,   2.1500,   2.1500,   1.3144,  -1.0823
11, 09,    3.000,   2.00,  13.31,-156.24, -45.57,   2.85,  60.4112,   1.4612,  -0.1700,  18.6470,   3.5791,   1.7962,   1.4473,   2.1500,   2.1500,   1.3144,  -0.2576
11, 09,    4.000,   2.00,  13.31,-139.00, -24.88,  65.45,  60.4112,   1.4612,  -0.1700,  18.6470,   3.5791,   1.7962,   1.4473,   2.1500,   2.1500,   1.3144,   0.1333
11, 09,    5.000,   2.00,  13.31,-130.04, -13.25,  88.24,  60.4112,   1.4612,  -0.1700,  18.6470,   3.5791,   1.7962,   1.4473,   2.1500,   2.1500,   1.3144,   0.3391
11, 09,    6.000,   2.00,  13.31,-125.56,  -6.59,  95.26,  60.4112,   1.4612,  -0.1700,  18.6470,   3.5791,   1.7962,   1.4473,   2.1500,   2.1500,   1.3144,   0.4511
11, 09,    7.000,   2.00,  13.31,-123.69,  -2.91,  98.23,  60.4112,   1.4612,  -0.1700,  18.6470,   3.5791,   1.7962,   1.4473,   2.1500,   2.1500,   1.3144,   0.5096
11, 09,    8.000,   2.00,  13.31,-123.51,  -1.16,  99.48,  60.4112,   1.4612,  -0.1700,  18.6470,   3.5791,   1.7962,   1.4473,   2.1500,   2.1500,   1.3144,   0.5342
11, 09,    9.000,   2.00,  13.31,-124.49,  -0.79,  96.13,  60.4112,   1.4612,  -0.1700,  18.6470,   3.5791,   1.7962,   1.4473,   2.1500,   2.1500,   1.3144,   0.5358
11, 09,   10.000,   2.00,  13.31,-126.15,  -1.27,  95.81,  60.4112,   1.4612,  -0.1700,  18.6470,   3.5791,   1.7962,   1.4473,   2.1500,   2.1500,   1.3144,   0.5205
11, 09,   11.000,   2.00,  13.31,-129.93,  -3.98,  93.07,  60.4112,   1.4612,  -0.1700,  18.6470,   3.5791,   1.7962,   1.4473,   2.1500,   2.1500,   1.3144,   0.4920
11, 09,   12.000,   2.00,  13.31,-133.43,  -6.50,  90.97,  60.4112,   1.4612,  -0.1700,  18.6470,   3.5791,   1.7962,   1.4473,   2.1500,   2.1500,   1.3144,   0.4529
11, 09,   13.000,   2.00,  13.31,-137.37,  -9.51,  91.14,  60.4112,   1.4612,  -0.1700,  18.6470,   3.5791,   1.7962,   1.4473,   2.1500,   2.1500,   1.3144,   0.4047
11, 09,   14.000,   2.00,  13.31,-141.69, -12.93,  87.29,  60.4112,   1.4612,  -0.1700,  18.6470,   3.5791,   1.7962,   1.4473,   2.1500,   2.1500,   1.3144,   0.3485
11, 09,   15.000,   2.00,  13.31,-146.35, -16.73,  83.47,  60.4112,   1.4612,  -0.1700,  18.6470,   3.5791,   1.7962,   1.4473,   2.1500,   2.1500,   1.3144,   0.2850
11, 09,   16.000,   2.00,  13.31,-151.33, -20.88,  75.78,  60.4112,   1.4612,  -0.1700,  18.6470,   3.5791,   1.7962,   1.4473,   2.1500,   2.1500,   1.3144,   0.2149
11, 09,   17.000,   2.00,  13.31,-156.63, -25.38,  63.97,  60.4112,   1.4612,  -0.1700,  18.6470,   3.5791,   1.7962,   1.4473,   2.1500,   2.1500,   1.3144,   0.1386
11, 09,   18.000,   2.00,  13.31,-162.22, -30.23,  42.27,  60.4112,   1.4612,  -0.1700,  18.6470,   3.5791,   1.7962,   1.4473,   2.1500,   2.1500,   1.3144,   0.0563
11, 09,   19.000,   2.00,  13.31,-168.09, -35.41,  21.38,  60.4112,   1.4612,  -0.1700,  18.6470,   3.5791,   1.7962,   1.4473,   2.1500,   2.1500,   1.3144,  -0.0317
11, 09,   20.000,   2.00,  13.31,-174.22, -40.89,   9.34,  60.4112,   1.4612,  -0.1700,  18.6470,   3.5791,   1.7962,   1.4473,   2.1500,   2.1500,   1.3144,  -0.1252
11, 09,   21.000,   2.00,  13.31,-180.47, -46.52,   0.39,  60.4112,   1.4612,  -0.1700,  18.6470,   3.5791,   1.7962,   1.4473,   2.1500,   2.1500,   1.3144,  -0.2242
11, 09,   22.000,   2.00,  13.31,-186.67, -52.15,   0.00,  60.4112,   1.4612,  -0.1700,  18.6470,   3.5791,   1.7962,   1.4473,   2.1500,   2.1500,   1.3144,  -0.3284
11, 09,   23.000,   2.00,  13.31,-193.08, -58.01,   0.00,  60.4112,   1.4612,  -0.1700,  18.6470,   3.5791,   1.7962,   1.4473,   2.1500,   2.1500,   1.3144,  -0.4378
11, 09,   24.000,   2.00,  13.31,-199.65, -64.07,   0.00,  60.4112,   1.4612,  -0.1700,  18.6470,   3.5791,   1.7962,   1.4473,   2.1500,   2.1500,   1.3144,  -0.5523
11, 09,   25.000,   2.00,  13.31,-206.36, -70.30,   0.00,  60.4112,   1.4612,  -0.1700,  18.6470,   3.5791,   1.7962,   1.4473,   2.1500,   2.1500,   1.3144,  -0.6719
11, 09,   26.000,   2.00,  13.31,-213.19, -76.65,   0.00,  60.4112,   1.4612,  -0.1700,  18.6470,   3.5791,   1.7962,   1.4473,   2.1500,   2.1500,   1.3144,  -0.7965
11, 09,   27.000,   2.00,  13.31,-220.09, -83.10,   0.00,  60.4112,   1.4612,  -0.1700,  18.6470,   3.5791,   1.7962,   1.4473,   2.1500,   2.1500,   1.3144,  -0.9261
11, 09,   28.000,   2.00,  13.31,-227.00, -89.58,   0.00,  60.4112,   1.4612,  -0.1700,  18.6470,   3.5791,   1.7962,   1.4473,   2.1500,   2.1500,   1.3144,  -1.0607
11, 09,   29.000,   2.00,  13.31,-233.89, -96.05,   0.00,  60.4112,   1.4612,  -0.1700,  18.6470,   3.5791,   1.7962,   1.4473,   2.1500,   2.1500,   1.3144,  -1.2001
11, 09,   30.000,   2.00,  13.31,-240.69,-102.44,   0.00,  60.4112,   1.4612,  -0.1700,  18.6470,   3.5791,   1.7962,   1.4473,   2.1500,   2.1500,   1.3144,  -1.3445
11, 10,    2.000,   2.00,  12.07,-230.06,-124.25,   0.00,  60.4112,   1.4612,  -0.1700,  17.4204,   5.5390,   1.8479,   1.3868,   2.1500,   2.1500,   1.3144,  -2.7987
11, 10,    3.000,   2.00,  12.07,-197.48, -86.81,   0.00,  60.4112,   1.4612,  -0.1700,  17.4204,   5.5390,   1.8479,   1.3868,   2.1500,   2.1500,   1.3144,  -1.2723
11, 10,    4.000,   2.00,  12.07,-171.07, -56.95,   0.00,  60.4112,   1.4612,  -0.1700,  17.4204,   5.5390,   1.8479,   1.3868,   2.1500,   2.1500,   1.3144,  -0.5377
11, 10,    5.000,   2.00,  12.07,-154.50, -37.71,  15.59,  60.4112,   1.4612,  -0.1700,  17.4204,   5.5390,   1.8479,   1.3868,   2.1500,   2.1500,   1.3144,  -0.1392
11, 10,    6.000,   2.00,  12.07,-144.59, -25.62,  63.14,  60.4112,   1.4612,  -0.1700,  17.4204,   5.5390,   1.8479,   1.3868,   2.1500,   2.1500,   1.3144,   0.0913
11, 10,    7.000,   2.00,  12.07,-138.90, -18.12,  81.02,  60.4112,   1.4612,  -0.1700,  17.4204,   5.5390,   1.8479,   1.3868,   2.1500,   2.1500,   1.3144,   0.2270
11, 10,    8.000,   2.00,  12.07,-135.97, -13.63,  84.06,  60.4112,   1.4612,  -0.1700,  17.4204,   5.5390,   1.8479,   1.3868,   2.1500,   2.1500,   1.3144,   0.3045
11, 10,    9.000,   2.00,  12.07,-134.99, -11.30,  86.86,  60.4112,   1.4612,  -0.1700,  17.4204,   5.5390,   1.8479,   1.3868,   2.1500,   2.1500,   1.3144,   0.3433
11, 10,   10.000,   2.00,  12.07,-136.93, -12.07,  85.27,  60.4112,   1.4612,  -0.1700,  17.4204,   5.5390,   1.8479,   1.3868,   2.1500,   2.1500,   1.3144,   0.3547
11, 10,   11.000,   2.00,  12.07,-138.99, -13.08,  84.08,  60.4112,   1.4612,  -0.1700,  17.4204,   5.5390,   1.8479,   1.3868,   2.1500,   2.1500,   1.3144,   0.3458
11, 10,   12.000,   2.00,  12.07,-141.78, -14.91,  84.67,  60.4112,   1.4612,  -0.1700,  17.4204,   5.5390,   1.8479,   1.3868,   2.1500,   2.1500,   1.3144,   0.3209
11, 10,   13.000,   2.00,  12.07,-145.15, -17.37,  82.45,  60.4112,   1.4612,  -0.1700,  17.4204,   5.5390,   1.8479,   1.3868,   2.1500,   2.1500,   1.3144,   0.2829
11, 10,   14.000,   2.00,  12.07,-149.03, -20.38,  76.90,  60.4112,   1.4612,  -0.1700,  17.4204,   5.5390,   1.8479,   1.3868,   2.1500,   2.1500,   1.3144,   0.2340
11, 10,   15.000,   2.00,  12.07,-153.41, -23.90,  68.44,  60.4112,   1.4612,  -0.1700,  17.4204,   5.5390,   1.8479,   1.3868,   2.1500,   2.1500,   1.3144,   0.1755
11, 10,   16.000,   2.00,  12.07,-158.22, -27.89,  54.90,  60.4112,   1.4612,  -0.1700,  17.4204,   5.5390,   1.8479,   1.3868,   2.1500,   2.1500,   1.3144,   0.1085
11, 10,   17.000,   2.00,  12.07,-163.44, -32.30,  32.18,  60.4112,   1.4612,  -0.1700,  17.4204,   5.5390,   1.8479,   1.3868,   2.1500,   2.1500,   1.3144,   0.0337
11, 10,   18.000,   2.00,  12.07,-169.01, -37.10,  16.95,  60.4112,   1.4612,  -0.1700,  17.4204,   5.5390,   1.8479,   1.3868,   2.1500,   2.1500,   1.3144,  -0.0484
11, 10,   19.000,   2.00,  12.07,-174.79, -42.17,   5.93,  60.4112,   1.4612,  -0.1700,  17.4204,   5.5390,   1.8479,   1.3868,   2.1500,   2.1500,   1.3144,  -0.1374
11, 10,   20.000,   2.00,  12.07,-180.60, -47.31,   0.00,  60.4112,   1.4612,  -0.1700,  17.4204,   5.5390,   1.8479,   1.3868,   2.1500,   2.1500,   1.3144,  -0.2328
11, 10,   21.000,   2.00,  12.07,-186.68, -52.76,   0.00,  60.4112,   1.4612,  -0.1700,  17.4204,   5.5390,   1.8479,   1.3868,   2.1500,   2.1500,   1.3144,  -0.3344
11, 10,   22.000,   2.00,  12.07,-193.00, -58.50,   0.00,  60.4112,   1.4612,  -0.1700,  17.4204,   5.5390,   1.8479,   1.3868,   2.1500,   2.1500,   1.3144,  -0.4421
11, 10,   23.000,   2.00,  12.07,-199.54, -64.49,   0.00,  60.4112,   1.4612,  -0.1700,  17.4204,   5.5390,   1.8479,   1.3868,   2.1500,   2.1500,   1.3144,  -0.5556
11, 10,   24.000,   2.00,  12.07,-206.26, -70.69,   0.00,  60.4112,   1.4612,  -0.1700,  17.4204,   5.5390,   1.8479,   1.3868,   2.1500,   2.1500,   1.3144,  -0.6749
11, 10,   25.000,   2.00,  12.07,-213.12, -77.05,   0.00,  60.4112,   1.4612,  -0.1700,  17.4204,   5.5390,   1.8479,   1.3868,   2.1500,   2.1500,   1.3144,  -0.7998
11, 10,   26.000,   2.00,  12.07,-220.07, -83.53,   0.00,  60.4112,   1.4612,  -0.1700,  17.4204,   5.5390,   1.8479,   1.3868,   2.1500,   2.1500,   1.3144,  -0.9303
11, 10,   27.000,   2.00,  12.07,-227.07, -90.08,   0.00,  60.4112,   1.4612,  -0.1700,  17.4204,   5.5390,   1.8479,   1.3868,   2.1500,   2.1500,   1.3144,  -1.0662
11, 10,   28.000,   2.00,  12.07,-234.06, -96.63,   0.00,  60.4112,   1.4612,  -0.1700,  17.4204,   5.5390,   1.8479,   1.3868,   2.1500,   2.1500,   1.3144,  -1.2075
11, 10,   29.000,   2.00,  12.07,-240.96,-103.12,   0.00,  60.4112,   1.4612,  -0.1700,  17.4204,   5.5390,   1.8479,   1.3868,   2.1500,   2.1500,   1.3144,  -1.3543
11, 10,   30.000,   2.00,  12.07,-247.72,-109.47,   0.00,  60.4112,   1.4612,  -0.1700,  17.4204,   5.5390,   1.8479,   1.3868,   2.1500,   2.1500,   1.3144,  -1.5063
11, 11,    2.000,   2.00,  10.22,-254.45,-148.65,   0.00,  60.4112,   1.4612,  -0.1700,  15.4880,   6.5625,   1.9426,   1.3553,   2.1500,   2.1500,   1.3144,  -3.6623
11, 11,    3.000,   2.00,  10.22,-218.53,-107.86,   0.00,  60.4112,   1.4612,  -0.1700,  15.4880,   6.5625,   1.9426,   1.3553,   2.1500,   2.1500,   1.3144,  -1.7867
11, 11,    4.000,   2.00,  10.22,-188.30, -74.18,   0.00,  60.4112,   1.4612,  -0.1700,  15.4880,   6.5625,   1.9426,   1.3553,   2.1500,   2.1500,   1.3144,  -0.8831
11, 11,    5.000,   2.00,  10.22,-168.20, -51.41,   0.00,  60.4112,   1.4612,  -0.1700,  15.4880,   6.5625,   1.9426,   1.3553,   2.1500,   2.1500,   1.3144,  -0.3915
11, 11,    6.000,   2.00,  10.22,-155.76, -36.80,  17.74,  60.4112,   1.4612,  -0.1700,  15.4880,   6.5625,   1.9426,   1.3553,   2.1500,   2.1500,   1.3144,  -0.1061
11, 11,    7.000,   2.00,  10.22,-148.44, -27.66,  54.87,  60.4112,   1.4612,  -0.1700,  15.4880,   6.5625,   1.9426,   1.3553,   2.1500,   2.1500,   1.3144,   0.0634
11, 11,    8.000,   2.00,  10.22,-145.78, -23.45,  66.42,  60.4112,   1.4612,  -0.1700,  15.4880,   6.5625,   1.9426,   1.3553,   2.1500,   2.1500,   1.3144,   0.1618
11, 11,    9.000,   2.00,  10.22,-145.01, -21.33,  71.03,  60.4112,   1.4612,  -0.1700,  15.4880,   6.5625,   1.9426,   1.3553,   2.1500,   2.1500,   1.3144,   0.2129
11, 11,   10.000,   2.00,  10.22,-145.66, -20.82,  74.55,  60.4112,   1.4612,  -0.1700,  15.4880,   6.5625,   1.9426,   1.3553,   2.1500,   2.1500,   1.3144,   0.2309
11, 11,   11.000,   2.00,  10.22,-147.45, -21.59,  72.94,  60.4112,   1.4612,  -0.1700,  15.4880,   6.5625,   1.9426,   1.3553,   2.1500,   2.1500,   1.3144,   0.2242
11, 11,   12.000,   2.00,  10.22,-150.23, -23.43,  69.70,  60.4112,   1.4612,  -0.1700,  15.4880,   6.5625,   1.9426,   1.3553,   2.1500,   2.1500,   1.3144,   0.1983
11, 11,   13.000,   2.00,  10.22,-153.80, -26.11,  61.61,  60.4112,   1.4612,  -0.1700,  15.4880,   6.5625,   1.9426,   1.3553,   2.1500,   2.1500,   1.3144,   0.1567
11, 11,   14.000,   2.00,  10.22,-158.03, -29.48,  46.82,  60.4112,   1.4612,  -0.1700,  15.4880,   6.5625,   1.9426,   1.3553,   2.1500,   2.1500,   1.3144,   0.1021
11, 11,   15.000,   2.00,  10.22,-162.81, -33.41,  27.89,  60.4112,   1.4612,  -0.1700,  15.4880,   6.5625,   1.9426,   1.3553,   2.1500,   2.1500,   1.3144,   0.0360
11, 11,   16.000,   2.00,  10.22,-168.05, -37.82,  13.98,  60.4112,   1.4612,  -0.1700,  15.4880,   6.5625,   1.9426,   1.3553,   2.1500,   2.1500,   1.3144,  -0.0402
11, 11,   17.000,   2.00,  10.22,-173.43, -42.39,   5.65,  60.4112,   1.4612,  -0.1700,  15.4880,   6.5625,   1.9426,   1.3553,   2.1500,   2.1500,   1.3144,  -0.1257
11, 11,   18.000,   2.00,  10.22,-179.23, -47.41,   0.00,  60.4112,   1.4612,  -0.1700,  15.4880,   6.5625,   1.9426,   1.3553,   2.1500,   2.1500,   1.3144,  -0.2196
11, 11,   19.000,   2.00,  10.22,-185.40, -52.85,   0.00,  60.4112,   1.4612,  -0.1700,  15.4880,   6.5625,   1.9426,   1.3553,   2.1500,   2.1500,   1.3144,  -0.3216
11, 11,   20.000,   2.00,  10.22,-191.91, -58.67,   0.00,  60.4112,   1.4612,  -0.1700,  15.4880,   6.5625,   1.9426,   1.3553,   2.1500,   2.1500,   1.3144,  -0.4312
11, 11,   21.000,   2.00,  10.22,-198.71, -64.83,   0.00,  60.4112,   1.4612,  -0.1700,  15.4880,   6.5625,   1.9426,   1.3553,   2.1500,   2.1500,   1.3144,  -0.5481
11, 11,   22.000,   2.00,  10.22,-205.76, -71.28,   0.00,  60.4112,   1.4612,  -0.1700,  15.4880,   6.5625,   1.9426,   1.3553,   2.1500,   2.1500,   1.3144,  -0.6720
11, 11,   23.000,   2.00,  10.22,-213.01, -77.97,   0.00,  60.4112,   1.4612,  -0.1700,  15.4880,   6.5625,   1.9426,   1.3553,   2.1500,   2.1500,   1.3144,  -0.8028
11, 11,   24.000,   2.00,  10.22,-220.40, -84.84,   0.00,  60.4112,   1.4612,  -0.1700,  15.4880,   6.5625,   1.9426,   1.3553,   2.1500,   2.1500,   1.3144,  -0.9402
11, 11,   25.000,   2.00,  10.22,-227.88, -91.82,   0.00,  60.4112,   1.4612,  -0.1700,  15.4880,   6.5625,   1.9426,   1.3553,   2.1500,   2.1500,   1.3144,  -1.0842
11, 11,   26.000,   2.00,  10.22,-235.37, -98.83,   0.00,  60.4112,   1.4612,  -0.1700,  15.4880,   6.5625,   1.9426,   1.3553,   2.1500,   2.1500,   1.3144,  -1.2347
11, 11,   27.000,   2.00,  10.22,-242.78,-105.79,   0.00,  60.4112,   1.4612,  -0.1700,  15.4880,   6.5625,   1.9426,   1.3553,   2.1500,   2.1500,   1.3144,  -1.3915
11, 11,   28.000,   2.00,  10.22,-250.03,-112.60,   0.00,  60.4112,   1.4612,  -0.1700,  15.4880,   6.5625,   1.9426,   1.3553,   2.1500,   2.1500,   1.3144,  -1.5546
11, 11,   29.000,   2.00,  10.22,-257.01,-119.16,   0.00,  60.4112,   1.4612,  -0.1700,  15.4880,   6.5625,   1.9426,   1.3553,   2.1500,   2.1500,   1.3144,  -1.7239
11, 11,   30.000,   2.00,  10.22,-263.62,-125.37,   0.00,  60.4112,   1.4612,  -0.1700,  15.4880,   6.5625,   1.9426,   1.3553,   2.1500,   2.1500,   1.3144,  -1.8994
11, 12,    2.000,   2.00,   9.16,-275.62,-169.82,   0.00,  60.4112,   1.4612,  -0.1700,  14.3092,   7.8029,   2.0104,   1.3402,   2.1500,   2.1500,   1.3144,  -4.6783
11, 12,    3.000,   2.00,   9.16,-238.63,-127.96,   0.00,  60.4112,   1.4612,  -0.1700,  14.3092,   7.8029,   2.0104,   1.3402,   2.1500,   2.1500,   1.3144,  -2.3882
11, 12,    4.000,   2.00,   9.16,-205.96, -91.84,   0.00,  60.4112,   1.4612,  -0.1700,  14.3092,   7.8029,   2.0104,   1.3402,   2.1500,   2.1500,   1.3144,  -1.2819
11, 12,    5.000,   2.00,   9.16,-182.48, -65.69,   0.00,  60.4112,   1.4612,  -0.1700,  14.3092,   7.8029,   2.0104,   1.3402,   2.1500,   2.1500,   1.3144,  -0.6771
11, 12,    6.000,   2.00,   9.16,-167.20, -48.24,   2.49,  60.4112,   1.4612,  -0.1700,  14.3092,   7.8029,   2.0104,   1.3402,   2.1500,   2.1500,   1.3144,  -0.3225
11, 12,    7.000,   2.00,   9.16,-157.77, -36.99,  19.77,  60.4112,   1.4612,  -0.1700,  14.3092,   7.8029,   2.0104,   1.3402,   2.1500,   2.1500,   1.3144,  -0.1083
11, 12,    8.000,   2.00,   9.16,-154.84, -32.51,  33.99,  60.4112,   1.4612,  -0.1700,  14.3092,   7.8029,   2.0104,   1.3402,   2.1500,   2.1500,   1.3144,   0.0201
11, 12,    9.000,   2.00,   9.16,-152.90, -29.24,  48.74,  60.4112,   1.4612,  -0.1700,  14.3092,   7.8029,   2.0104,   1.3402,   2.1500,   2.1500,   1.3144,   0.0920
11, 12,   10.000,   2.00,   9.16,-152.71, -27.90,  54.83,  60.4112,   1.4612,  -0.1700,  14.3092,   7.8029,   2.0104,   1.3402,   2.1500,   2.1500,   1.3144,   0.1244
11, 12,   11.000,   2.00,   9.16,-153.96, -28.13,  53.86,  60.4112,   1.4612,  -0.1700,  14.3092,   7.8029,   2.0104,   1.3402,   2.1500,   2.1500,   1.3144,   0.1277
11, 12,   12.000,   2.00,   9.16,-156.32, -29.58,  46.18,  60.4112,   1.4612,  -0.1700,  14.3092,   7.8029,   2.0104,   1.3402,   2.1500,   2.1500,   1.3144,   0.1085
11, 12,   13.000,   2.00,   9.16,-159.58, -31.97,  33.67,  60.4112,   1.4612,  -0.1700,  14.3092,   7.8029,   2.0104,   1.3402,   2.1500,   2.1500,   1.3144,   0.0712
11, 12,   14.000,   2.00,   9.16,-163.60, -35.15,  22.24,  60.4112,   1.4612,  -0.1700,  14.3092,   7.8029,   2.0104,   1.3402,   2.1500,   2.1500,   1.3144,   0.0189
11, 12,   15.000,   2.00,   9.16,-168.01, -38.73,  12.09,  60.4112,   1.4612,  -0.1700,  14.3092,   7.8029,   2.0104,   1.3402,   2.1500,   2.1500,   1.3144,  -0.0464
11, 12,   16.000,   2.00,   9.16,-172.92, -42.80,   5.10,  60.4112,   1.4612,  -0.1700,  14.3092,   7.8029,   2.0104,   1.3402,   2.1500,   2.1500,   1.3144,  -0.1230
11, 12,   17.000,   2.00,   9.16,-178.34, -47.39,   0.00,  60.4112,   1.4612,  -0.1700,  14.3092,   7.8029,   2.0104,   1.3402,   2.1500,   2.1500,   1.3144,  -0.2099
11, 12,   18.000,   2.00,   9.16,-184.22, -52.48,   0.00,  60.4112,   1.4612,  -0.1700,  14.3092,   7.8029,   2.0104,   1.3402,   2.1500,   2.1500,   1.3144,  -0.3063
11, 12,   19.000,   2.00,   9.16,-190.52, -58.02,   0.00,  60.4112,   1.4612,  -0.1700,  14.3092,   7.8029,   2.0104,   1.3402,   2.1500,   2.1500,   1.3144,  -0.4114
11, 12,   20.000,   2.00,   9.16,-197.17, -63.97,   0.00,  60.4112,   1.4612,  -0.1700,  14.3092,   7.8029,   2.0104,   1.3402,   2.1500,   2.1500,   1.3144,  -0.5249
11, 12,   21.000,   2.00,   9.16,-204.14, -70.28,   0.00,  60.4112,   1.4612,  -0.1700,  14.3092,   7.8029,   2.0104,   1.3402,   2.1500,   2.1500,   1.3144,  -0.6462
11, 12,   22.000,   2.00,   9.16,-211.35, -76.89,   0.00,  60.4112,   1.4612,  -0.1700,  14.3092,   7.8029,   2.0104,   1.3402,   2.1500,   2.1500,   1.3144,  -0.7752
11, 12,   23.000,   2.00,   9.16,-218.76, -83.73,   0.00,  60.4112,   1.4612,  -0.1700,  14.3092,   7.8029,   2.0104,   1.3402,   2.1500,   2.1500,   1.3144,  -0.9116
11, 12,   24.000,   2.00,   9.16,-226.29, -90.73,   0.00,  60.4112,   1.4612,  -0.1700,  14.3092,   7.8029,   2.0104,   1.3402,   2.1500,   2.1500,   1.3144,  -1.0551
11, 12,   25.000,   2.00,   9.16,-233.87, -97.81,   0.00,  60.4112,   1.4612,  -0.1700,  14.3092,   7.8029,   2.0104,   1.3402,   2.1500,   2.1500,   1.3144,  -1.2057
11, 12,   26.000,   2.00,   9.16,-241.41,-104.88,   0.00,  60.4112,   1.4612,  -0.1700,  14.3092,   7.8029,   2.0104,   1.3402,   2.1500,   2.1500,   1.3144,  -1.3631
11, 12,   27.000,   2.00,   9.16,-248.82,-111.83,   0.00,  60.4112,   1.4612,  -0.1700,  14.3092,   7.8029,   2.0104,   1.3402,   2.1500,   2.1500,   1.3144,  -1.5274
11, 12,   28.000,   2.00,   9.16,-255.98,-118.56,   0.00,  60.4112,   1.4612,  -0.1700,  14.3092,   7.8029,   2.0104,   1.3402,   2.1500,   2.1500,   1.3144,  -1.6983
11, 12,   29.000,   2.00,   9.16,-262.79,-124.95,   0.00,  60.4112,   1.4612,  -0.1700,  14.3092,   7.8029,   2.0104,   1.3402,   2.1500,   2.1500,   1.3144,  -1.8758
11, 12,   30.000,   2.00,   9.16,-269.14,-130.89,   0.00,  60.4112,   1.4612,  -0.1700,  14.3092,   7.8029,   2.0104,   1.3402,   2.1500,   2.1500,   1.3144,  -2.0599
11, 13,    2.000,   2.00,  10.12,-294.93,-189.13,   0.00,  60.4112,   1.4612,  -0.1700,  16.2137,   8.4415,   1.9049,   1.3368,   2.1500,   2.1500,   1.3144,  -5.6422
11, 13,    3.000,   2.00,  10.12,-254.90,-144.23,   0.00,  60.4112,   1.4612,  -0.1700,  16.2137,   8.4415,   1.9049,   1.3368,   2.1500,   2.1500,   1.3144,  -2.9501
11, 13,    4.000,   2.00,  10.12,-220.80,-106.68,   0.00,  60.4112,   1.4612,  -0.1700,  16.2137,   8.4415,   1.9049,   1.3368,   2.1500,   2.1500,   1.3144,  -1.6431
11, 13,    5.000,   2.00,  10.12,-194.42, -77.63,   0.00,  60.4112,   1.4612,  -0.1700,  16.2137,   8.4415,   1.9049,   1.3368,   2.1500,   2.1500,   1.3144,  -0.9216
11, 13,    6.000,   2.00,  10.12,-176.16, -57.20,   0.00,  60.4112,   1.4612,  -0.1700,  16.2137,   8.4415,   1.9049,   1.3368,   2.1500,   2.1500,   1.3144,  -0.4912
11, 13,    7.000,   2.00,  10.12,-164.16, -43.38,   8.23,  60.4112,   1.4612,  -0.1700,  16.2137,   8.4415,   1.9049,   1.3368,   2.1500,   2.1500,   1.3144,  -0.2230
11, 13,    8.000,   2.00,  10.12,-156.56, -34.23,  27.25,  60.4112,   1.4612,  -0.1700,  16.2137,   8.4415,   1.9049,   1.3368,   2.1500,   2.1500,   1.3144,  -0.0532
11, 13,    9.000,   2.00,  10.12,-153.79, -30.14,  43.98,  60.4112,   1.4612,  -0.1700,  16.2137,   8.4415,   1.9049,   1.3368,   2.1500,   2.1500,   1.3144,   0.0526
11, 13,   10.000,   2.00,  10.12,-152.15, -27.36,  55.68,  60.4112,   1.4612,  -0.1700,  16.2137,   8.4415,   1.9049,   1.3368,   2.1500,   2.1500,   1.3144,   0.1142
11, 13,   11.000,   2.00,  10.12,-151.98, -26.20,  60.55,  60.4112,   1.4612,  -0.1700,  16.2137,   8.4415,   1.9049,   1.3368,   2.1500,   2.1500,   1.3144,   0.1440
11, 13,   12.000,   2.00,  10.12,-152.94, -26.27,  61.07,  60.4112,   1.4612,  -0.1700,  16.2137,   8.4415,   1.9049,   1.3368,   2.1500,   2.1500,   1.3144,   0.1496
11, 13,   13.000,   2.00,  10.12,-154.88, -27.35,  57.07,  60.4112,   1.4612,  -0.1700,  16.2137,   8.4415,   1.9049,   1.3368,   2.1500,   2.1500,   1.3144,   0.1362
11, 13,   14.000,   2.00,  10.12,-157.57, -29.22,  48.51,  60.4112,   1.4612,  -0.1700,  16.2137,   8.4415,   1.9049,   1.3368,   2.1500,   2.1500,   1.3144,   0.1073
11, 13,   15.000,   2.00,  10.12,-160.94, -31.76,  34.60,  60.4112,   1.4612,  -0.1700,  16.2137,   8.4415,   1.9049,   1.3368,   2.1500,   2.1500,   1.3144,   0.0656
11, 13,   16.000,   2.00,  10.12,-164.86, -34.85,  23.11,  60.4112,   1.4612,  -0.1700,  16.2137,   8.4415,   1.9049,   1.3368,   2.1500,   2.1500,   1.3144,   0.0126
11, 13,   17.000,   2.00,  10.12,-169.28, -38.43,  12.66,  60.4112,   1.4612,  -0.1700,  16.2137,   8.4415,   1.9049,   1.3368,   2.1500,   2.1500,   1.3144,  -0.0502
11, 13,   18.000,   2.00,  10.12,-173.86, -42.20,   5.93,  60.4112,   1.4612,  -0.1700,  16.2137,   8.4415,   1.9049,   1.3368,   2.1500,   2.1500,   1.3144,  -0.1218
11, 13,   19.000,   2.00,  10.12,-178.83, -46.39,   0.55,  60.4112,   1.4612,  -0.1700,  16.2137,   8.4415,   1.9049,   1.3368,   2.1500,   2.1500,   1.3144,  -0.2016
11, 13,   20.000,   2.00,  10.12,-184.17, -51.01,   0.00,  60.4112,   1.4612,  -0.1700,  16.2137,   8.4415,   1.9049,   1.3368,   2.1500,   2.1500,   1.3144,  -0.2889
11, 13,   21.000,   2.00,  10.12,-189.84, -56.01,   0.00,  60.4112,   1.4612,  -0.1700,  16.2137,   8.4415,   1.9049,   1.3368,   2.1500,   2.1500,   1.3144,  -0.3833
11, 13,   22.000,   2.00,  10.12,-195.81, -61.36,   0.00,  60.4112,   1.4612,  -0.1700,  16.2137,   8.4415,   1.9049,   1.3368,   2.1500,   2.1500,   1.3144,  -0.4844
11, 13,   23.000,   2.00,  10.12,-202.03, -67.01,   0.00,  60.4112,   1.4612,  -0.1700,  16.2137,   8.4415,   1.9049,   1.3368,   2.1500,   2.1500,   1.3144,  -0.5920
11, 13,   24.000,   2.00,  10.12,-208.47, -72.92,   0.00,  60.4112,   1.4612,  -0.1700,  16.2137,   8.4415,   1.9049,   1.3368,   2.1500,   2.1500,   1.3144,  -0.7058
11, 13,   25.000,   2.00,  10.12,-215.09, -79.04,   0.00,  60.4112,   1.4612,  -0.1700,  16.2137,   8.4415,   1.9049,   1.3368,   2.1500,   2.1500,   1.3144,  -0.8257
11, 13,   26.000,   2.00,  10.12,-221.85, -85.31,   0.00,  60.4112,   1.4612,  -0.1700,  16.2137,   8.4415,   1.9049,   1.3368,   2.1500,   2.1500,   1.3144,  -0.9514
11, 13,   27.000,   2.00,  10.12,-228.68, -91.69,   0.00,  60.4112,   1.4612,  -0.1700,  16.2137,   8.4415,   1.9049,   1.3368,   2.1500,   2.1500,   1.3144,  -1.0829
11, 13,   28.000,   2.00,  10.12,-235.54, -98.12,   0.00,  60.4112,   1.4612,  -0.1700,  16.2137,   8.4415,   1.9049,   1.3368,   2.1500,   2.1500,   1.3144,  -1.2200
11, 13,   29.000,   2.00,  10.12,-242.36,-104.52,   0.00,  60.4112,   1.4612,  -0.1700,  16.2137,   8.4415,   1.9049,   1.3368,   2.1500,   2.1500,   1.3144,  -1.3627
11, 13,   30.000,   2.00,  10.12,-249.06,-110.82,   0.00,  60.4112,   1.4612,  -0.1700,  16.2137,   8.4415,   1.9049,   1.3368,   2.1500,   2.1500,   1.3144,  -1.5109
11, 14,    2.000,   2.00,  15.19,-314.08,-208.43,   0.00,  60.4112,   1.4612,  -0.1700,  21.5901,   9.1323,   1.6927,   1.3388,   2.1500,   2.1500,   1.3144,  -7.2412
11, 14,    3.000,   2.00,  15.19,-271.10,-160.62,   0.00,  60.4112,   1.4612,  -0.1700,  21.5901,   9.1323,   1.6927,   1.3388,   2.1500,   2.1500,   1.3144,  -3.8827
11, 14,    4.000,   2.00,  15.19,-239.80,-125.93,   0.00,  60.4112,   1.4612,  -0.1700,  21.5901,   9.1323,   1.6927,   1.3388,   2.1500,   2.1500,   1.3144,  -2.2433
11, 14,    5.000,   2.00,  15.19,-211.91, -95.42,   0.00,  60.4112,   1.4612,  -0.1700,  21.5901,   9.1323,   1.6927,   1.3388,   2.1500,   2.1500,   1.3144,  -1.3287
11, 14,    6.000,   2.00,  15.19,-190.08, -71.47,   0.00,  60.4112,   1.4612,  -0.1700,  21.5901,   9.1323,   1.6927,   1.3388,   2.1500,   2.1500,   1.3144,  -0.7730
11, 14,    7.000,   2.00,  15.19,-174.46, -54.07,   0.00,  60.4112,   1.4612,  -0.1700,  21.5901,   9.1323,   1.6927,   1.3388,   2.1500,   2.1500,   1.3144,  -0.4159
11, 14,    8.000,   2.00,  15.19,-163.61, -41.69,   8.24,  60.4112,   1.4612,  -0.1700,  21.5901,   9.1323,   1.6927,   1.3388,   2.1500,   2.1500,   1.3144,  -0.1782
11, 14,    9.000,   2.00,  15.19,-156.17, -32.92,  29.83,  60.4112,   1.4612,  -0.1700,  21.5901,   9.1323,   1.6927,   1.3388,   2.1500,   2.1500,   1.3144,  -0.0170
11, 14,   10.000,   2.00,  15.19,-151.08, -26.64,  59.73,  60.4112,   1.4612,  -0.1700,  21.5901,   9.1323,   1.6927,   1.3388,   2.1500,   2.1500,   1.3144,   0.0923
11, 14,   11.000,   2.00,  15.19,-147.92, -22.43,  69.36,  60.4112,   1.4612,  -0.1700,  21.5901,   9.1323,   1.6927,   1.3388,   2.1500,   2.1500,   1.3144,   0.1650
11, 14,   12.000,   2.00,  15.19,-146.12, -19.65,  75.00,  60.4112,   1.4612,  -0.1700,  21.5901,   9.1323,   1.6927,   1.3388,   2.1500,   2.1500,   1.3144,   0.2107
11, 14,   13.000,   2.00,  15.19,-146.51, -19.14,  75.30,  60.4112,   1.4612,  -0.1700,  21.5901,   9.1323,   1.6927,   1.3388,   2.1500,   2.1500,   1.3144,   0.2358
11, 14,   14.000,   2.00,  15.19,-147.09, -18.83,  75.84,  60.4112,   1.4612,  -0.1700,  21.5901,   9.1323,   1.6927,   1.3388,   2.1500,   2.1500,   1.3144,   0.2447
11, 14,   15.000,   2.00,  15.19,-148.29, -19.16,  75.27,  60.4112,   1.4612,  -0.1700,  21.5901,   9.1323,   1.6927,   1.3388,   2.1500,   2.1500,   1.3144,   0.2406
11, 14,   16.000,   2.00,  15.19,-150.03, -20.04,  76.30,  60.4112,   1.4612,  -0.1700,  21.5901,   9.1323,   1.6927,   1.3388,   2.1500,   2.1500,   1.3144,   0.2256
11, 14,   17.000,   2.00,  15.19,-152.23, -21.40,  73.47,  60.4112,   1.4612,  -0.1700,  21.5901,   9.1323,   1.6927,   1.3388,   2.1500,   2.1500,   1.3144,   0.2014
11, 14,   18.000,   2.00,  15.19,-154.84, -23.19,  70.37,  60.4112,   1.4612,  -0.1700,  21.5901,   9.1323,   1.6927,   1.3388,   2.1500,   2.1500,   1.3144,   0.1692
11, 14,   19.000,   2.00,  15.19,-157.85, -25.42,  63.88,  60.4112,   1.4612,  -0.1700,  21.5901,   9.1323,   1.6927,   1.3388,   2.1500,   2.1500,   1.3144,   0.1299
11, 14,   20.000,   2.00,  15.19,-161.19, -28.05,  54.22,  60.4112,   1.4612,  -0.1700,  21.5901,   9.1323,   1.6927,   1.3388,   2.1500,   2.1500,   1.3144,   0.0843
11, 14,   21.000,   2.00,  15.19,-164.85, -31.04,  37.95,  60.4112,   1.4612,  -0.1700,  21.5901,   9.1323,   1.6927,   1.3388,   2.1500,   2.1500,   1.3144,   0.0329
11, 14,   22.000,   2.00,  15.19,-168.79, -34.36,  24.56,  60.4112,   1.4612,  -0.1700,  21.5901,   9.1323,   1.6927,   1.3388,   2.1500,   2.1500,   1.3144,  -0.0239
11, 14,   23.000,   2.00,  15.19,-172.99, -37.99,  14.90,  60.4112,   1.4612,  -0.1700,  21.5901,   9.1323,   1.6927,   1.3388,   2.1500,   2.1500,   1.3144,  -0.0857
11, 14,   24.000,   2.00,  15.19,-177.43, -41.89,   7.71,  60.4112,   1.4612,  -0.1700,  21.5901,   9.1323,   1.6927,   1.3388,   2.1500,   2.1500,   1.3144,  -0.1521
11, 14,   25.000,   2.00,  15.19,-182.06, -46.01,   2.26,  60.4112,   1.4612,  -0.1700,  21.5901,   9.1323,   1.6927,   1.3388,   2.1500,   2.1500,   1.3144,  -0.2231
11, 14,   26.000,   2.00,  15.19,-186.76, -50.24,   0.00,  60.4112,   1.4612,  -0.1700,  21.5901,   9.1323,   1.6927,   1.3388,   2.1500,   2.1500,   1.3144,  -0.2983
11, 14,   27.000,   2.00,  15.19,-191.49, -54.51,   0.00,  60.4112,   1.4612,  -0.1700,  21.5901,   9.1323,   1.6927,   1.3388,   2.1500,   2.1500,   1.3144,  -0.3777
11, 14,   28.000,   2.00,  15.19,-196.39, -58.97,   0.00,  60.4112,   1.4612,  -0.1700,  21.5901,   9.1323,   1.6927,   1.3388,   2.1500,   2.1500,   1.3144,  -0.4611
11, 14,   29.000,   2.00,  15.19,-201.43, -63.59,   0.00,  60.4112,   1.4612,  -0.1700,  21.5901,   9.1323,   1.6927,   1.3388,   2.1500,   2.1500,   1.3144,  -0.5483
11, 14,   30.000,   2.00,  15.19,-206.61, -68.36,   0.00,  60.4112,   1.4612,  -0.1700,  21.5901,   9.1323,   1.6927,   1.3388,   2.1500,   2.1500,   1.3144,  -0.6394
11, 15,    2.000,   2.00,  22.16,-327.09,-221.59,   0.00,  60.4112,   1.4612,  -0.1700,  28.1794,  10.3159,   1.5308,   1.3430,   2.1500,   2.1500,   1.3144,  -9.6672
11, 15,    3.000,   2.00,  22.16,-281.35,-171.05,   0.00,  60.4112,   1.4612,  -0.1700,  28.1794,  10.3159,   1.5308,   1.3430,   2.1500,   2.1500,   1.3144,  -5.3074
11, 15,    4.000,   2.00,  22.16,-256.13,-142.48,   0.00,  60.4112,   1.4612,  -0.1700,  28.1794,  10.3159,   1.5308,   1.3430,   2.1500,   2.1500,   1.3144,  -3.1729
11, 15,    5.000,   2.00,  22.16,-232.39,-116.18,   0.00,  60.4112,   1.4612,  -0.1700,  28.1794,  10.3159,   1.5308,   1.3430,   2.1500,   2.1500,   1.3144,  -1.9756
11, 15,    6.000,   2.00,  22.16,-209.57, -91.29,   0.00,  60.4112,   1.4612,  -0.1700,  28.1794,  10.3159,   1.5308,   1.3430,   2.1500,   2.1500,   1.3144,  -1.2413
11, 15,    7.000,   2.00,  22.16,-190.86, -70.83,   0.00,  60.4112,   1.4612,  -0.1700,  28.1794,  10.3159,   1.5308,   1.3430,   2.1500,   2.1500,   1.3144,  -0.7621
11, 15,    8.000,   2.00,  22.16,-176.70, -55.16,   0.00,  60.4112,   1.4612,  -0.1700,  28.1794,  10.3159,   1.5308,   1.3430,   2.1500,   2.1500,   1.3144,  -0.4356
11, 15,    9.000,   2.00,  22.16,-166.27, -43.38,   5.86,  60.4112,   1.4612,  -0.1700,  28.1794,  10.3159,   1.5308,   1.3430,   2.1500,   2.1500,   1.3144,  -0.2062
11, 15,   10.000,   2.00,  22.16,-158.48, -34.37,  24.78,  60.4112,   1.4612,  -0.1700,  28.1794,  10.3159,   1.5308,   1.3430,   2.1500,   2.1500,   1.3144,  -0.0418
11, 15,   11.000,   2.00,  22.16,-152.76, -27.54,  56.34,  60.4112,   1.4612,  -0.1700,  28.1794,  10.3159,   1.5308,   1.3430,   2.1500,   2.1500,   1.3144,   0.0772
11, 15,   12.000,   2.00,  22.16,-148.63, -22.38,  72.52,  60.4112,   1.4612,  -0.1700,  28.1794,  10.3159,   1.5308,   1.3430,   2.1500,   2.1500,   1.3144,   0.1633
11, 15,   13.000,   2.00,  22.16,-145.84, -18.60,  80.49,  60.4112,   1.4612,  -0.1700,  28.1794,  10.3159,   1.5308,   1.3430,   2.1500,   2.1500,   1.3144,   0.2248
11, 15,   14.000,   2.00,  22.16,-144.05, -15.88,  84.99,  60.4112,   1.4612,  -0.1700,  28.1794,  10.3159,   1.5308,   1.3430,   2.1500,   2.1500,   1.3144,   0.2675
11, 15,   15.000,   2.00,  22.16,-142.88, -13.80,  84.07,  60.4112,   1.4612,  -0.1700,  28.1794,  10.3159,   1.5308,   1.3430,   2.1500,   2.1500,   1.3144,   0.2954
11, 15,   16.000,   2.00,  22.16,-142.58, -12.61,  85.53,  60.4112,   1.4612,  -0.1700,  28.1794,  10.3159,   1.5308,   1.3430,   2.1500,   2.1500,   1.3144,   0.3113
11, 15,   17.000,   2.00,  22.16,-142.54, -11.72,  86.55,  60.4112,   1.4612,  -0.1700,  28.1794,  10.3159,   1.5308,   1.3430,   2.1500,   2.1500,   1.3144,   0.3173
11, 15,   18.000,   2.00,  22.16,-142.92, -11.28,  87.02,  60.4112,   1.4612,  -0.1700,  28.1794,  10.3159,   1.5308,   1.3430,   2.1500,   2.1500,   1.3144,   0.3151
11, 15,   19.000,   2.00,  22.16,-145.04, -12.63,  84.68,  60.4112,   1.4612,  -0.1700,  28.1794,  10.3159,   1.5308,   1.3430,   2.1500,   2.1500,   1.3144,   0.3058
11, 15,   20.000,   2.00,  22.16,-146.65, -13.52,  83.56,  60.4112,   1.4612,  -0.1700,  28.1794,  10.3159,   1.5308,   1.3430,   2.1500,   2.1500,   1.3144,   0.2904
11, 15,   21.000,   2.00,  22.16,-148.53, -14.74,  81.96,  60.4112,   1.4612,  -0.1700,  28.1794,  10.3159,   1.5308,   1.3430,   2.1500,   2.1500,   1.3144,   0.2695
11, 15,   22.000,   2.00,  22.16,-150.66, -16.25,  79.81,  60.4112,   1.4612,  -0.1700,  28.1794,  10.3159,   1.5308,   1.3430,   2.1500,   2.1500,   1.3144,   0.2439
11, 15,   23.000,   2.00,  22.16,-153.02, -18.03,  79.81,  60.4112,   1.4612,  -0.1700,  28.1794,  10.3159,   1.5308,   1.3430,   2.1500,   2.1500,   1.3144,   0.2138
11, 15,   24.000,   2.00,  22.16,-155.58, -20.05,  76.10,  60.4112,   1.4612,  -0.1700,  28.1794,  10.3159,   1.5308,   1.3430,   2.1500,   2.1500,   1.3144,   0.1798
11, 15,   25.000,   2.00,  22.16,-158.33, -22.29,  71.30,  60.4112,   1.4612,  -0.1700,  28.1794,  10.3159,   1.5308,   1.3430,   2.1500,   2.1500,   1.3144,   0.1420
11, 15,   26.000,   2.00,  22.16,-161.26, -24.74,  65.93,  60.4112,   1.4612,  -0.1700,  28.1794,  10.3159,   1.5308,   1.3430,   2.1500,   2.1500,   1.3144,   0.1008
11, 15,   27.000,   2.00,  22.16,-164.35, -27.37,  56.94,  60.4112,   1.4612,  -0.1700,  28.1794,  10.3159,   1.5308,   1.3430,   2.1500,   2.1500,   1.3144,   0.0564
11, 15,   28.000,   2.00,  22.16,-167.60, -30.18,  43.75,  60.4112,   1.4612,  -0.1700,  28.1794,  10.3159,   1.5308,   1.3430,   2.1500,   2.1500,   1.3144,   0.0088
11, 15,   29.000,   2.00,  22.16,-171.00, -33.16,  31.63,  60.4112,   1.4612,  -0.1700,  28.1794,  10.3159,   1.5308,   1.3430,   2.1500,   2.1500,   1.3144,  -0.0416
11, 15,   30.000,   2.00,  22.16,-174.55, -36.30,  18.90,  60.4112,   1.4612,  -0.1700,  28.1794,  10.3159,   1.5308,   1.3430,   2.1500,   2.1500,   1.3144,  -0.0949
11, 16,    2.000,   2.00,  28.23,-338.80,-233.44,   0.00,  60.4112,   1.4612,  -0.1700,  33.7778,  10.7472,   1.4394,   1.3565,   2.1500,   2.1500,   1.3144, -10.8522
11, 16,    3.000,   2.00,  28.23,-288.91,-178.78,   0.00,  60.4112,   1.4612,  -0.1700,  33.7778,  10.7472,   1.4394,   1.3565,   2.1500,   2.1500,   1.3144,  -6.0035
11, 16,    4.000,   2.00,  28.23,-263.71,-150.27,   0.00,  60.4112,   1.4612,  -0.1700,  33.7778,  10.7472,   1.4394,   1.3565,   2.1500,   2.1500,   1.3144,  -3.6274
11, 16,    5.000,   2.00,  28.23,-241.55,-125.60,   0.00,  60.4112,   1.4612,  -0.1700,  33.7778,  10.7472,   1.4394,   1.3565,   2.1500,   2.1500,   1.3144,  -2.2922
11, 16,    6.000,   2.00,  28.23,-218.79,-100.81,   0.00,  60.4112,   1.4612,  -0.1700,  33.7778,  10.7472,   1.4394,   1.3565,   2.1500,   2.1500,   1.3144,  -1.4708
11, 16,    7.000,   2.00,  28.23,-198.89, -79.19,   0.00,  60.4112,   1.4612,  -0.1700,  33.7778,  10.7472,   1.4394,   1.3565,   2.1500,   2.1500,   1.3144,  -0.9323
11, 16,    8.000,   2.00,  28.23,-183.24, -62.04,   0.00,  60.4112,   1.4612,  -0.1700,  33.7778,  10.7472,   1.4394,   1.3565,   2.1500,   2.1500,   1.3144,  -0.5627
11, 16,    9.000,   2.00,  28.23,-171.40, -48.84,   0.00,  60.4112,   1.4612,  -0.1700,  33.7778,  10.7472,   1.4394,   1.3565,   2.1500,   2.1500,   1.3144,  -0.3003
11, 16,   10.000,   2.00,  28.23,-162.45, -38.64,  13.87,  60.4112,   1.4612,  -0.1700,  33.7778,  10.7472,   1.4394,   1.3565,   2.1500,   2.1500,   1.3144,  -0.1093
11, 16,   11.000,   2.00,  28.23,-155.60, -30.63,  40.19,  60.4112,   1.4612,  -0.1700,  33.7778,  10.7472,   1.4394,   1.3565,   2.1500,   2.1500,   1.3144,   0.0319
11, 16,   12.000,   2.00,  28.23,-150.40, -24.34,  67.36,  60.4112,   1.4612,  -0.1700,  33.7778,  10.7472,   1.4394,   1.3565,   2.1500,   2.1500,   1.3144,   0.1373
11, 16,   13.000,   2.00,  28.23,-146.50, -19.40,  79.06,  60.4112,   1.4612,  -0.1700,  33.7778,  10.7472,   1.4394,   1.3565,   2.1500,   2.1500,   1.3144,   0.2162
11, 16,   14.000,   2.00,  28.23,-143.66, -15.57,  85.50,  60.4112,   1.4612,  -0.1700,  33.7778,  10.7472,   1.4394,   1.3565,   2.1500,   2.1500,   1.3144,   0.2749
11, 16,   15.000,   2.00,  28.23,-141.65, -12.61,  89.43,  60.4112,   1.4612,  -0.1700,  33.7778,  10.7472,   1.4394,   1.3565,   2.1500,   2.1500,   1.3144,   0.3179
11, 16,   16.000,   2.00,  28.23,-140.36, -10.41,  91.91,  60.4112,   1.4612,  -0.1700,  33.7778,  10.7472,   1.4394,   1.3565,   2.1500,   2.1500,   1.3144,   0.3483
11, 16,   17.000,   2.00,  28.23,-139.57,  -8.76,  93.56,  60.4112,   1.4612,  -0.1700,  33.7778,  10.7472,   1.4394,   1.3565,   2.1500,   2.1500,   1.3144,   0.3685
11, 16,   18.000,   2.00,  28.23,-139.34,  -7.71,  94.51,  60.4112,   1.4612,  -0.1700,  33.7778,  10.7472,   1.4394,   1.3565,   2.1500,   2.1500,   1.3144,   0.3803
11, 16,   19.000,   2.00,  28.23,-139.41,  -7.01,  91.31,  60.4112,   1.4612,  -0.1700,  33.7778,  10.7472,   1.4394,   1.3565,   2.1500,   2.1500,   1.3144,   0.3850
11, 16,   20.000,   2.00,  28.23,-139.78,  -6.67,  91.58,  60.4112,   1.4612,  -0.1700,  33.7778,  10.7472,   1.4394,   1.3565,   2.1500,   2.1500,   1.3144,   0.3837
11, 16,   21.000,   2.00,  28.23,-140.64,  -6.86,  91.38,  60.4112,   1.4612,  -0.1700,  33.7778,  10.7472,   1.4394,   1.3565,   2.1500,   2.1500,   1.3144,   0.3771
11, 16,   22.000,   2.00,  28.23,-141.53,  -7.14,  91.12,  60.4112,   1.4612,  -0.1700,  33.7778,  10.7472,   1.4394,   1.3565,   2.1500,   2.1500,   1.3144,   0.3659
11, 16,   23.000,   2.00,  28.23,-142.62,  -7.64,  90.64,  60.4112,   1.4612,  -0.1700,  33.7778,  10.7472,   1.4394,   1.3565,   2.1500,   2.1500,   1.3144,   0.3506
11, 16,   24.000,   2.00,  28.23,-145.21,  -9.70,  87.86,  60.4112,   1.4612,  -0.1700,  33.7778,  10.7472,   1.4394,   1.3565,   2.1500,   2.1500,   1.3144,   0.3316
11, 16,   25.000,   2.00,  28.23,-147.07, -11.05,  86.42,  60.4112,   1.4612,  -0.1700,  33.7778,  10.7472,   1.4394,   1.3565,   2.1500,   2.1500,   1.3144,   0.3092
11, 16,   26.000,   2.00,  28.23,-149.08, -12.57,  84.66,  60.4112,   1.4612,  -0.1700,  33.7778,  10.7472,   1.4394,   1.3565,   2.1500,   2.1500,   1.3144,   0.2838
11, 16,   27.000,   2.00,  28.23,-151.24, -14.27,  82.54,  60.4112,   1.4612,  -0.1700,  33.7778,  10.7472,   1.4394,   1.3565,   2.1500,   2.1500,   1.3144,   0.2555
11, 16,   28.000,   2.00,  28.23,-153.52, -16.11,  79.99,  60.4112,   1.4612,  -0.1700,  33.7778,  10.7472,   1.4394,   1.3565,   2.1500,   2.1500,   1.3144,   0.2245
11, 16,   29.000,   2.00,  28.23,-155.93, -18.09,  79.68,  60.4112,   1.4612,  -0.1700,  33.7778,  10.7472,   1.4394,   1.3565,   2.1500,   2.1500,   1.3144,   0.1910
11, 16,   30.000,   2.00,  28.23,-158.46, -20.21,  75.77,  60.4112,   1.4612,  -0.1700,  33.7778,  10.7472,   1.4394,   1.3565,   2.1500,   2.1500,   1.3144,   0.1552
11, 17,    2.000,   2.00,  32.98,-337.29,-232.07,   0.00,  60.4112,   1.4612,  -0.1700,  38.0069,  10.0939,   1.3880,   1.3918,   2.1500,   2.1500,   1.3144,  -9.9344
11, 17,    3.000,   2.00,  32.98,-286.70,-176.74,   0.00,  60.4112,   1.4612,  -0.1700,  38.0069,  10.0939,   1.3880,   1.3918,   2.1500,   2.1500,   1.3144,  -5.4603
11, 17,    4.000,   2.00,  32.98,-259.77,-146.54,   0.00,  60.4112,   1.4612,  -0.1700,  38.0069,  10.0939,   1.3880,   1.3918,   2.1500,   2.1500,   1.3144,  -3.2673
11, 17,    5.000,   2.00,  32.98,-235.25,-119.55,   0.00,  60.4112,   1.4612,  -0.1700,  38.0069,  10.0939,   1.3880,   1.3918,   2.1500,   2.1500,   1.3144,  -2.0346
11, 17,    6.000,   2.00,  32.98,-211.54, -93.84,   0.00,  60.4112,   1.4612,  -0.1700,  38.0069,  10.0939,   1.3880,   1.3918,   2.1500,   2.1500,   1.3144,  -1.2757
11, 17,    7.000,   2.00,  32.98,-191.86, -72.47,   0.00,  60.4112,   1.4612,  -0.1700,  38.0069,  10.0939,   1.3880,   1.3918,   2.1500,   2.1500,   1.3144,  -0.7778
11, 17,    8.000,   2.00,  32.98,-176.83, -55.94,   0.00,  60.4112,   1.4612,  -0.1700,  38.0069,  10.0939,   1.3880,   1.3918,   2.1500,   2.1500,   1.3144,  -0.4354
11, 17,    9.000,   2.00,  32.98,-165.64, -43.39,   6.03,  60.4112,   1.4612,  -0.1700,  38.0069,  10.0939,   1.3880,   1.3918,   2.1500,   2.1500,   1.3144,  -0.1918
11, 17,   10.000,   2.00,  32.98,-157.32, -33.79,  26.81,  60.4112,   1.4612,  -0.1700,  38.0069,  10.0939,   1.3880,   1.3918,   2.1500,   2.1500,   1.3144,  -0.0141
11, 17,   11.000,   2.00,  32.98,-150.97, -26.25,  61.28,  60.4112,   1.4612,  -0.1700,  38.0069,  10.0939,   1.3880,   1.3918,   2.1500,   2.1500,   1.3144,   0.1179
11, 17,   12.000,   2.00,  32.98,-146.06, -20.19,  77.58,  60.4112,   1.4612,  -0.1700,  38.0069,  10.0939,   1.3880,   1.3918,   2.1500,   2.1500,   1.3144,   0.2171
11, 17,   13.000,   2.00,  32.98,-142.34, -15.38,  85.86,  60.4112,   1.4612,  -0.1700,  38.0069,  10.0939,   1.3880,   1.3918,   2.1500,   2.1500,   1.3144,   0.2919
11, 17,   14.000,   2.00,  32.98,-139.56, -11.56,  90.76,  60.4112,   1.4612,  -0.1700,  38.0069,  10.0939,   1.3880,   1.3918,   2.1500,   2.1500,   1.3144,   0.3482
11, 17,   15.000,   2.00,  32.98,-137.55,  -8.57,  93.87,  60.4112,   1.4612,  -0.1700,  38.0069,  10.0939,   1.3880,   1.3918,   2.1500,   2.1500,   1.3144,   0.3902
11, 17,   16.000,   2.00,  32.98,-136.21,  -6.29,  95.90,  60.4112,   1.4612,  -0.1700,  38.0069,  10.0939,   1.3880,   1.3918,   2.1500,   2.1500,   1.3144,   0.4207
11, 17,   17.000,   2.00,  32.98,-135.39,  -4.59,  97.25,  60.4112,   1.4612,  -0.1700,  38.0069,  10.0939,   1.3880,   1.3918,   2.1500,   2.1500,   1.3144,   0.4420
11, 17,   18.000,   2.00,  32.98,-134.98,  -3.36,  98.15,  60.4112,   1.4612,  -0.1700,  38.0069,  10.0939,   1.3880,   1.3918,   2.1500,   2.1500,   1.3144,   0.4557
11, 17,   19.000,   2.00,  32.98,-134.96,  -2.58,  98.68,  60.4112,   1.4612,  -0.1700,  38.0069,  10.0939,   1.3880,   1.3918,   2.1500,   2.1500,   1.3144,   0.4629
11, 17,   20.000,   2.00,  32.98,-135.18,  -2.08,  98.99,  60.4112,   1.4612,  -0.1700,  38.0069,  10.0939,   1.3880,   1.3918,   2.1500,   2.1500,   1.3144,   0.4647
11, 17,   21.000,   2.00,  32.98,-135.73,  -1.97,  99.04,  60.4112,   1.4612,  -0.1700,  38.0069,  10.0939,   1.3880,   1.3918,   2.1500,   2.1500,   1.3144,   0.4619
11, 17,   22.000,   2.00,  32.98,-136.40,  -2.02,  95.30,  60.4112,   1.4612,  -0.1700,  38.0069,  10.0939,   1.3880,   1.3918,   2.1500,   2.1500,   1.3144,   0.4549
11, 17,   23.000,   2.00,  32.98,-137.26,  -2.30,  95.08,  60.4112,   1.4612,  -0.1700,  38.0069,  10.0939,   1.3880,   1.3918,   2.1500,   2.1500,   1.3144,   0.4443
11, 17,   24.000,   2.00,  32.98,-138.48,  -2.98,  94.57,  60.4112,   1.4612,  -0.1700,  38.0069,  10.0939,   1.3880,   1.3918,   2.1500,   2.1500,   1.3144,   0.4304
11, 17,   25.000,   2.00,  32.98,-139.66,  -3.64,  94.05,  60.4112,   1.4612,  -0.1700,  38.0069,  10.0939,   1.3880,   1.3918,   2.1500,   2.1500,   1.3144,   0.4136
11, 17,   26.000,   2.00,  32.98,-140.95,  -4.44,  93.40,  60.4112,   1.4612,  -0.1700,  38.0069,  10.0939,   1.3880,   1.3918,   2.1500,   2.1500,   1.3144,   0.3940
11, 17,   27.000,   2.00,  32.98,-142.34,  -5.38,  92.63,  60.4112,   1.4612,  -0.1700,  38.0069,  10.0939,   1.3880,   1.3918,   2.1500,   2.1500,   1.3144,   0.3720
11, 17,   28.000,   2.00,  32.98,-145.23,  -7.82,  89.71,  60.4112,   1.4612,  -0.1700,  38.0069,  10.0939,   1.3880,   1.3918,   2.1500,   2.1500,   1.3144,   0.3477
11, 17,   29.000,   2.00,  32.98,-147.23,  -9.39,  88.16,  60.4112,   1.4612,  -0.1700,  38.0069,  10.0939,   1.3880,   1.3918,   2.1500,   2.1500,   1.3144,   0.3212
11, 17,   30.000,   2.00,  32.98,-149.33, -11.08,  86.37,  60.4112,   1.4612,  -0.1700,  38.0069,  10.0939,   1.3880,   1.3918,   2.1500,   2.1500,   1.3144,   0.2926
11, 18,    2.000,   2.00,  29.20,-328.14,-223.82,   0.00,  60.4112,   1.4612,  -0.1700,  35.3413,   8.6184,   1.3542,   1.4554,   2.1500,   2.1500,   1.3144,  -7.3744
11, 18,    3.000,   2.00,  29.20,-278.59,-169.55,   0.00,  60.4112,   1.4612,  -0.1700,  35.3413,   8.6184,   1.3542,   1.4554,   2.1500,   2.1500,   1.3144,  -3.9506
11, 18,    4.000,   2.00,  29.20,-244.46,-132.12,   0.00,  60.4112,   1.4612,  -0.1700,  35.3413,   8.6184,   1.3542,   1.4554,   2.1500,   2.1500,   1.3144,  -2.2739
11, 18,    5.000,   2.00,  29.20,-214.19, -99.28,   0.00,  60.4112,   1.4612,  -0.1700,  35.3413,   8.6184,   1.3542,   1.4554,   2.1500,   2.1500,   1.3144,  -1.3328
11, 18,    6.000,   2.00,  29.20,-190.50, -73.44,   0.00,  60.4112,   1.4612,  -0.1700,  35.3413,   8.6184,   1.3542,   1.4554,   2.1500,   2.1500,   1.3144,  -0.7550
11, 18,    7.000,   2.00,  29.20,-173.37, -54.44,   0.00,  60.4112,   1.4612,  -0.1700,  35.3413,   8.6184,   1.3542,   1.4554,   2.1500,   2.1500,   1.3144,  -0.3775
11, 18,    8.000,   2.00,  29.20,-161.21, -40.62,  10.39,  60.4112,   1.4612,  -0.1700,  35.3413,   8.6184,   1.3542,   1.4554,   2.1500,   2.1500,   1.3144,  -0.1196
11, 18,    9.000,   2.00,  29.20,-152.56, -30.46,  41.17,  60.4112,   1.4612,  -0.1700,  35.3413,   8.6184,   1.3542,   1.4554,   2.1500,   2.1500,   1.3144,   0.0623
11, 18,   10.000,   2.00,  29.20,-146.32, -22.83,  71.56,  60.4112,   1.4612,  -0.1700,  35.3413,   8.6184,   1.3542,   1.4554,   2.1500,   2.1500,   1.3144,   0.1933
11, 18,   11.000,   2.00,  29.20,-141.71, -16.93,  83.52,  60.4112,   1.4612,  -0.1700,  35.3413,   8.6184,   1.3542,   1.4554,   2.1500,   2.1500,   1.3144,   0.2888
11, 18,   12.000,   2.00,  29.20,-138.31, -12.34,  89.89,  60.4112,   1.4612,  -0.1700,  35.3413,   8.6184,   1.3542,   1.4554,   2.1500,   2.1500,   1.3144,   0.3586
11, 18,   13.000,   2.00,  29.20,-135.89,  -8.79,  93.71,  60.4112,   1.4612,  -0.1700,  35.3413,   8.6184,   1.3542,   1.4554,   2.1500,   2.1500,   1.3144,   0.4094
11, 18,   14.000,   2.00,  29.20,-134.26,  -6.11,  96.11,  60.4112,   1.4612,  -0.1700,  35.3413,   8.6184,   1.3542,   1.4554,   2.1500,   2.1500,   1.3144,   0.4455
11, 18,   15.000,   2.00,  29.20,-133.23,  -4.10,  97.70,  60.4112,   1.4612,  -0.1700,  35.3413,   8.6184,   1.3542,   1.4554,   2.1500,   2.1500,   1.3144,   0.4701
11, 18,   16.000,   2.00,  29.20,-132.70,  -2.64,  98.74,  60.4112,   1.4612,  -0.1700,  35.3413,   8.6184,   1.3542,   1.4554,   2.1500,   2.1500,   1.3144,   0.4856
11, 18,   17.000,   2.00,  29.20,-132.65,  -1.73,  99.33,  60.4112,   1.4612,  -0.1700,  35.3413,   8.6184,   1.3542,   1.4554,   2.1500,   2.1500,   1.3144,   0.4934
11, 18,   18.000,   2.00,  29.20,-132.89,  -1.17,  99.67,  60.4112,   1.4612,  -0.1700,  35.3413,   8.6184,   1.3542,   1.4554,   2.1500,   2.1500,   1.3144,   0.4950
11, 18,   19.000,   2.00,  29.20,-133.51,  -1.04,  99.72,  60.4112,   1.4612,  -0.1700,  35.3413,   8.6184,   1.3542,   1.4554,   2.1500,   2.1500,   1.3144,   0.4912
11, 18,   20.000,   2.00,  29.20,-134.28,  -1.12,  95.97,  60.4112,   1.4612,  -0.1700,  35.3413,   8.6184,   1.3542,   1.4554,   2.1500,   2.1500,   1.3144,   0.4827
11, 18,   21.000,   2.00,  29.20,-135.25,  -1.44,  95.72,  60.4112,   1.4612,  -0.1700,  35.3413,   8.6184,   1.3542,   1.4554,   2.1500,   2.1500,   1.3144,   0.4702
11, 18,   22.000,   2.00,  29.20,-136.61,  -2.20,  95.16,  60.4112,   1.4612,  -0.1700,  35.3413,   8.6184,   1.3542,   1.4554,   2.1500,   2.1500,   1.3144,   0.4540
11, 18,   23.000,   2.00,  29.20,-137.93,  -2.95,  94.59,  60.4112,   1.4612,  -0.1700,  35.3413,   8.6184,   1.3542,   1.4554,   2.1500,   2.1500,   1.3144,   0.4346
11, 18,   24.000,   2.00,  29.20,-139.39,  -3.87,  93.87,  60.4112,   1.4612,  -0.1700,  35.3413,   8.6184,   1.3542,   1.4554,   2.1500,   2.1500,   1.3144,   0.4123
11, 18,   25.000,   2.00,  29.20,-142.35,  -6.32,  91.08,  60.4112,   1.4612,  -0.1700,  35.3413,   8.6184,   1.3542,   1.4554,   2.1500,   2.1500,   1.3144,   0.3872
11, 18,   26.000,   2.00,  29.20,-144.47,  -7.96,  89.58,  60.4112,   1.4612,  -0.1700,  35.3413,   8.6184,   1.3542,   1.4554,   2.1500,   2.1500,   1.3144,   0.3595
11, 18,   27.000,   2.00,  29.20,-146.71,  -9.74,  87.82,  60.4112,   1.4612,  -0.1700,  35.3413,   8.6184,   1.3542,   1.4554,   2.1500,   2.1500,   1.3144,   0.3295
11, 18,   28.000,   2.00,  29.20,-149.05, -11.64,  85.75,  60.4112,   1.4612,  -0.1700,  35.3413,   8.6184,   1.3542,   1.4554,   2.1500,   2.1500,   1.3144,   0.2972
11, 18,   29.000,   2.00,  29.20,-151.50, -13.66,  83.31,  60.4112,   1.4612,  -0.1700,  35.3413,   8.6184,   1.3542,   1.4554,   2.1500,   2.1500,   1.3144,   0.2628
11, 18,   30.000,   2.00,  29.20,-154.05, -15.81,  83.31,  60.4112,   1.4612,  -0.1700,  35.3413,   8.6184,   1.3542,   1.4554,   2.1500,   2.1500,   1.3144,   0.2264
11, 19,    2.000,   2.00,  23.26,-311.00,-207.42,   0.00,  60.4112,   1.4612,  -0.1700,  29.9398,   7.6655,   1.3334,   1.5404,   2.1500,   2.1500,   1.3144,  -5.7913
11, 19,    3.000,   2.00,  23.26,-263.09,-154.80,   0.00,  60.4112,   1.4612,  -0.1700,  29.9398,   7.6655,   1.3334,   1.5404,   2.1500,   2.1500,   1.3144,  -3.0194
11, 19,    4.000,   2.00,  23.26,-225.47,-113.86,   0.00,  60.4112,   1.4612,  -0.1700,  29.9398,   7.6655,   1.3334,   1.5404,   2.1500,   2.1500,   1.3144,  -1.6642
11, 19,    5.000,   2.00,  23.26,-196.01, -81.76,   0.00,  60.4112,   1.4612,  -0.1700,  29.9398,   7.6655,   1.3334,   1.5404,   2.1500,   2.1500,   1.3144,  -0.9059
11, 19,    6.000,   2.00,  23.26,-175.23, -58.72,   0.00,  60.4112,   1.4612,  -0.1700,  29.9398,   7.6655,   1.3334,   1.5404,   2.1500,   2.1500,   1.3144,  -0.4429
11, 19,    7.000,   2.00,  23.26,-161.11, -42.59,   7.37,  60.4112,   1.4612,  -0.1700,  29.9398,   7.6655,   1.3334,   1.5404,   2.1500,   2.1500,   1.3144,  -0.1429
11, 19,    8.000,   2.00,  23.26,-151.48, -31.16,  37.64,  60.4112,   1.4612,  -0.1700,  29.9398,   7.6655,   1.3334,   1.5404,   2.1500,   2.1500,   1.3144,   0.0594
11, 19,    9.000,   2.00,  23.26,-144.83, -22.87,  71.52,  60.4112,   1.4612,  -0.1700,  29.9398,   7.6655,   1.3334,   1.5404,   2.1500,   2.1500,   1.3144,   0.1992
11, 19,   10.000,   2.00,  23.26,-140.24, -16.78,  83.83,  60.4112,   1.4612,  -0.1700,  29.9398,   7.6655,   1.3334,   1.5404,   2.1500,   2.1500,   1.3144,   0.2971
11, 19,   11.000,   2.00,  23.26,-137.08, -12.26,  90.04,  60.4112,   1.4612,  -0.1700,  29.9398,   7.6655,   1.3334,   1.5404,   2.1500,   2.1500,   1.3144,   0.3654
11, 19,   12.000,   2.00,  23.26,-135.03,  -8.94,  93.59,  60.4112,   1.4612,  -0.1700,  29.9398,   7.6655,   1.3334,   1.5404,   2.1500,   2.1500,   1.3144,   0.4122
11, 19,   13.000,   2.00,  23.26,-133.77,  -6.53,  95.76,  60.4112,   1.4612,  -0.1700,  29.9398,   7.6655,   1.3334,   1.5404,   2.1500,   2.1500,   1.3144,   0.4427
11, 19,   14.000,   2.00,  23.26,-133.24,  -4.93,  97.05,  60.4112,   1.4612,  -0.1700,  29.9398,   7.6655,   1.3334,   1.5404,   2.1500,   2.1500,   1.3144,   0.4606
11, 19,   15.000,   2.00,  23.26,-133.29,  -4.00,  97.73,  60.4112,   1.4612,  -0.1700,  29.9398,   7.6655,   1.3334,   1.5404,   2.1500,   2.1500,   1.3144,   0.4684
11, 19,   16.000,   2.00,  23.26,-133.63,  -3.44,  94.35,  60.4112,   1.4612,  -0.1700,  29.9398,   7.6655,   1.3334,   1.5404,   2.1500,   2.1500,   1.3144,   0.4680
11, 19,   17.000,   2.00,  23.26,-134.53,  -3.49,  94.27,  60.4112,   1.4612,  -0.1700,  29.9398,   7.6655,   1.3334,   1.5404,   2.1500,   2.1500,   1.3144,   0.4607
11, 19,   18.000,   2.00,  23.26,-135.56,  -3.74,  94.05,  60.4112,   1.4612,  -0.1700,  29.9398,   7.6655,   1.3334,   1.5404,   2.1500,   2.1500,   1.3144,   0.4475
11, 19,   19.000,   2.00,  23.26,-136.85,  -4.30,  93.58,  60.4112,   1.4612,  -0.1700,  29.9398,   7.6655,   1.3334,   1.5404,   2.1500,   2.1500,   1.3144,   0.4292
11, 19,   20.000,   2.00,  23.26,-139.69,  -6.46,  90.99,  60.4112,   1.4612,  -0.1700,  29.9398,   7.6655,   1.3334,   1.5404,   2.1500,   2.1500,   1.3144,   0.4064
11, 19,   21.000,   2.00,  23.26,-141.89,  -8.03,  89.54,  60.4112,   1.4612,  -0.1700,  29.9398,   7.6655,   1.3334,   1.5404,   2.1500,   2.1500,   1.3144,   0.3795
11, 19,   22.000,   2.00,  23.26,-144.27,  -9.82,  87.74,  60.4112,   1.4612,  -0.1700,  29.9398,   7.6655,   1.3334,   1.5404,   2.1500,   2.1500,   1.3144,   0.3489
11, 19,   23.000,   2.00,  23.26,-146.83, -11.82,  85.55,  60.4112,   1.4612,  -0.1700,  29.9398,   7.6655,   1.3334,   1.5404,   2.1500,   2.1500,   1.3144,   0.3149
11, 19,   24.000,   2.00,  23.26,-149.55, -14.01,  85.82,  60.4112,   1.4612,  -0.1700,  29.9398,   7.6655,   1.3334,   1.5404,   2.1500,   2.1500,   1.3144,   0.2778
11, 19,   25.000,   2.00,  23.26,-152.42, -16.38,  82.46,  60.4112,   1.4612,  -0.1700,  29.9398,   7.6655,   1.3334,   1.5404,   2.1500,   2.1500,   1.3144,   0.2376
11, 19,   26.000,   2.00,  23.26,-155.43, -18.91,  78.24,  60.4112,   1.4612,  -0.1700,  29.9398,   7.6655,   1.3334,   1.5404,   2.1500,   2.1500,   1.3144,   0.1946
11, 19,   27.000,   2.00,  23.26,-158.58, -21.60,  72.86,  60.4112,   1.4612,  -0.1700,  29.9398,   7.6655,   1.3334,   1.5404,   2.1500,   2.1500,   1.3144,   0.1489
11, 19,   28.000,   2.00,  23.26,-161.86, -24.44,  66.81,  60.4112,   1.4612,  -0.1700,  29.9398,   7.6655,   1.3334,   1.5404,   2.1500,   2.1500,   1.3144,   0.1007
11, 19,   29.000,   2.00,  23.26,-165.26, -27.42,  56.74,  60.4112,   1.4612,  -0.1700,  29.9398,   7.6655,   1.3334,   1.5404,   2.1500,   2.1500,   1.3144,   0.0499
11, 19,   30.000,   2.00,  23.26,-168.79, -30.54,  42.04,  60.4112,   1.4612,  -0.1700,  29.9398,   7.6655,   1.3334,   1.5404,   2.1500,   2.1500,   1.3144,  -0.0033
11, 20,    2.000,   2.00,  18.71,-295.94,-193.00,   0.00,  60.4112,   1.4612,  -0.1700,  25.6531,   6.9631,   1.3268,   1.6310,   2.1500,   2.1500,   1.3144,  -4.7140
11, 20,    3.000,   2.00,  18.71,-248.36,-140.72,   0.00,  60.4112,   1.4612,  -0.1700,  25.6531,   6.9631,   1.3268,   1.6310,   2.1500,   2.1500,   1.3144,  -2.3874
11, 20,    4.000,   2.00,  18.71,-209.78, -98.80,   0.00,  60.4112,   1.4612,  -0.1700,  25.6531,   6.9631,   1.3268,   1.6310,   2.1500,   2.1500,   1.3144,  -1.2526
11, 20,    5.000,   2.00,  18.71,-182.55, -68.87,   0.00,  60.4112,   1.4612,  -0.1700,  25.6531,   6.9631,   1.3268,   1.6310,   2.1500,   2.1500,   1.3144,  -0.6206
11, 20,    6.000,   2.00,  18.71,-164.69, -48.67,   0.26,  60.4112,   1.4612,  -0.1700,  25.6531,   6.9631,   1.3268,   1.6310,   2.1500,   2.1500,   1.3144,  -0.2377
11, 20,    7.000,   2.00,  18.71,-153.07, -34.93,  23.32,  60.4112,   1.4612,  -0.1700,  25.6531,   6.9631,   1.3268,   1.6310,   2.1500,   2.1500,   1.3144,   0.0073
11, 20,    8.000,   2.00,  18.71,-145.39, -25.33,  64.56,  60.4112,   1.4612,  -0.1700,  25.6531,   6.9631,   1.3268,   1.6310,   2.1500,   2.1500,   1.3144,   0.1692
11, 20,    9.000,   2.00,  18.71,-140.30, -18.47,  81.11,  60.4112,   1.4612,  -0.1700,  25.6531,   6.9631,   1.3268,   1.6310,   2.1500,   2.1500,   1.3144,   0.2777
11, 20,   10.000,   2.00,  18.71,-137.10, -13.68,  88.38,  60.4112,   1.4612,  -0.1700,  25.6531,   6.9631,   1.3268,   1.6310,   2.1500,   2.1500,   1.3144,   0.3500
11, 20,   11.000,   2.00,  18.71,-135.26, -10.38,  92.19,  60.4112,   1.4612,  -0.1700,  25.6531,   6.9631,   1.3268,   1.6310,   2.1500,   2.1500,   1.3144,   0.3965
11, 20,   12.000,   2.00,  18.71,-134.37,  -8.18,  94.31,  60.4112,   1.4612,  -0.1700,  25.6531,   6.9631,   1.3268,   1.6310,   2.1500,   2.1500,   1.3144,   0.4240
11, 20,   13.000,   2.00,  18.71,-134.16,  -6.77,  91.66,  60.4112,   1.4612,  -0.1700,  25.6531,   6.9631,   1.3268,   1.6310,   2.1500,   2.1500,   1.3144,   0.4369
11, 20,   14.000,   2.00,  18.71,-134.71,  -6.24,  92.08,  60.4112,   1.4612,  -0.1700,  25.6531,   6.9631,   1.3268,   1.6310,   2.1500,   2.1500,   1.3144,   0.4383
11, 20,   15.000,   2.00,  18.71,-135.56,  -6.11,  92.14,  60.4112,   1.4612,  -0.1700,  25.6531,   6.9631,   1.3268,   1.6310,   2.1500,   2.1500,   1.3144,   0.4303
11, 20,   16.000,   2.00,  18.71,-137.89,  -7.54,  90.07,  60.4112,   1.4612,  -0.1700,  25.6531,   6.9631,   1.3268,   1.6310,   2.1500,   2.1500,   1.3144,   0.4144
11, 20,   17.000,   2.00,  18.71,-139.94,  -8.77,  88.86,  60.4112,   1.4612,  -0.1700,  25.6531,   6.9631,   1.3268,   1.6310,   2.1500,   2.1500,   1.3144,   0.3918
11, 20,   18.000,   2.00,  18.71,-142.31, -10.38,  87.19,  60.4112,   1.4612,  -0.1700,  25.6531,   6.9631,   1.3268,   1.6310,   2.1500,   2.1500,   1.3144,   0.3634
11, 20,   19.000,   2.00,  18.71,-144.96, -12.33,  87.98,  60.4112,   1.4612,  -0.1700,  25.6531,   6.9631,   1.3268,   1.6310,   2.1500,   2.1500,   1.3144,   0.3297
11, 20,   20.000,   2.00,  18.71,-147.87, -14.57,  85.09,  60.4112,   1.4612,  -0.1700,  25.6531,   6.9631,   1.3268,   1.6310,   2.1500,   2.1500,   1.3144,   0.2913
11, 20,   21.000,   2.00,  18.71,-150.99, -17.09,  81.37,  60.4112,   1.4612,  -0.1700,  25.6531,   6.9631,   1.3268,   1.6310,   2.1500,   2.1500,   1.3144,   0.2485
11, 20,   22.000,   2.00,  18.71,-154.33, -19.84,  77.87,  60.4112,   1.4612,  -0.1700,  25.6531,   6.9631,   1.3268,   1.6310,   2.1500,   2.1500,   1.3144,   0.2017
11, 20,   23.000,   2.00,  18.71,-157.86, -22.82,  71.20,  60.4112,   1.4612,  -0.1700,  25.6531,   6.9631,   1.3268,   1.6310,   2.1500,   2.1500,   1.3144,   0.1512
11, 20,   24.000,   2.00,  18.71,-161.57, -26.01,  61.87,  60.4112,   1.4612,  -0.1700,  25.6531,   6.9631,   1.3268,   1.6310,   2.1500,   2.1500,   1.3144,   0.0970
11, 20,   25.000,   2.00,  18.71,-165.46, -29.41,  47.24,  60.4112,   1.4612,  -0.1700,  25.6531,   6.9631,   1.3268,   1.6310,   2.1500,   2.1500,   1.3144,   0.0394
11, 20,   26.000,   2.00,  18.71,-169.53, -33.00,  29.34,  60.4112,   1.4612,  -0.1700,  25.6531,   6.9631,   1.3268,   1.6310,   2.1500,   2.1500,   1.3144,  -0.0215
11, 20,   27.000,   2.00,  18.71,-173.76, -36.77,  17.72,  60.4112,   1.4612,  -0.1700,  25.6531,   6.9631,   1.3268,   1.6310,   2.1500,   2.1500,   1.3144,  -0.0856
11, 20,   28.000,   2.00,  18.71,-178.14, -40.72,   9.60,  60.4112,   1.4612,  -0.1700,  25.6531,   6.9631,   1.3268,   1.6310,   2.1500,   2.1500,   1.3144,  -0.1528
11, 20,   29.000,   2.00,  18.71,-182.68, -44.84,   3.63,  60.4112,   1.4612,  -0.1700,  25.6531,   6.9631,   1.3268,   1.6310,   2.1500,   2.1500,   1.3144,  -0.2230
11, 20,   30.000,   2.00,  18.71,-187.35, -49.10,   0.00,  60.4112,   1.4612,  -0.1700,  25.6531,   6.9631,   1.3268,   1.6310,   2.1500,   2.1500,   1.3144,  -0.2961
11, 21,    2.000,   2.00,  16.86,-273.76,-171.37,   0.00,  60.4112,   1.4612,  -0.1700,  22.5503,   5.7510,   1.3333,   1.7153,   2.1500,   2.1500,   1.3144,  -3.1958
11, 21,    3.000,   2.00,  16.86,-219.65,-112.57,   0.00,  60.4112,   1.4612,  -0.1700,  22.5503,   5.7510,   1.3333,   1.7153,   2.1500,   2.1500,   1.3144,  -1.4958
11, 21,    4.000,   2.00,  16.86,-183.61, -73.19,   0.00,  60.4112,   1.4612,  -0.1700,  22.5503,   5.7510,   1.3333,   1.7153,   2.1500,   2.1500,   1.3144,  -0.6707
11, 21,    5.000,   2.00,  16.86,-162.07, -48.90,   0.00,  60.4112,   1.4612,  -0.1700,  22.5503,   5.7510,   1.3333,   1.7153,   2.1500,   2.1500,   1.3144,  -0.2155
11, 21,    6.000,   2.00,  16.86,-149.03, -33.45,  28.12,  60.4112,   1.4612,  -0.1700,  22.5503,   5.7510,   1.3333,   1.7153,   2.1500,   2.1500,   1.3144,   0.0557
11, 21,    7.000,   2.00,  16.86,-141.09, -23.30,  70.78,  60.4112,   1.4612,  -0.1700,  22.5503,   5.7510,   1.3333,   1.7153,   2.1500,   2.1500,   1.3144,   0.2245
11, 21,    8.000,   2.00,  16.86,-136.31, -16.49,  84.71,  60.4112,   1.4612,  -0.1700,  22.5503,   5.7510,   1.3333,   1.7153,   2.1500,   2.1500,   1.3144,   0.3309
11, 21,    9.000,   2.00,  16.86,-133.61, -11.92,  90.78,  60.4112,   1.4612,  -0.1700,  22.5503,   5.7510,   1.3333,   1.7153,   2.1500,   2.1500,   1.3144,   0.3968
11, 21,   10.000,   2.00,  16.86,-132.31,  -8.92,  93.86,  60.4112,   1.4612,  -0.1700,  22.5503,   5.7510,   1.3333,   1.7153,   2.1500,   2.1500,   1.3144,   0.4348
11, 21,   11.000,   2.00,  16.86,-131.95,  -7.02,  91.57,  60.4112,   1.4612,  -0.1700,  22.5503,   5.7510,   1.3333,   1.7153,   2.1500,   2.1500,   1.3144,   0.4525
11, 21,   12.000,   2.00,  16.86,-132.54,  -6.23,  92.18,  60.4112,   1.4612,  -0.1700,  22.5503,   5.7510,   1.3333,   1.7153,   2.1500,   2.1500,   1.3144,   0.4549
11, 21,   13.000,   2.00,  16.86,-134.47,  -6.93,  90.72,  60.4112,   1.4612,  -0.1700,  22.5503,   5.7510,   1.3333,   1.7153,   2.1500,   2.1500,   1.3144,   0.4452
11, 21,   14.000,   2.00,  16.86,-136.56,  -7.93,  89.74,  60.4112,   1.4612,  -0.1700,  22.5503,   5.7510,   1.3333,   1.7153,   2.1500,   2.1500,   1.3144,   0.4257
11, 21,   15.000,   2.00,  16.86,-139.08,  -9.47,  88.18,  60.4112,   1.4612,  -0.1700,  22.5503,   5.7510,   1.3333,   1.7153,   2.1500,   2.1500,   1.3144,   0.3979
11, 21,   16.000,   2.00,  16.86,-141.93, -11.43,  89.05,  60.4112,   1.4612,  -0.1700,  22.5503,   5.7510,   1.3333,   1.7153,   2.1500,   2.1500,   1.3144,   0.3629
11, 21,   17.000,   2.00,  16.86,-145.08, -13.78,  86.17,  60.4112,   1.4612,  -0.1700,  22.5503,   5.7510,   1.3333,   1.7153,   2.1500,   2.1500,   1.3144,   0.3217
11, 21,   18.000,   2.00,  16.86,-148.54, -16.51,  82.28,  60.4112,   1.4612,  -0.1700,  22.5503,   5.7510,   1.3333,   1.7153,   2.1500,   2.1500,   1.3144,   0.2747
11, 21,   19.000,   2.00,  16.86,-152.28, -19.56,  78.41,  60.4112,   1.4612,  -0.1700,  22.5503,   5.7510,   1.3333,   1.7153,   2.1500,   2.1500,   1.3144,   0.2226
11, 21,   20.000,   2.00,  16.86,-156.28, -22.92,  70.95,  60.4112,   1.4612,  -0.1700,  22.5503,   5.7510,   1.3333,   1.7153,   2.1500,   2.1500,   1.3144,   0.1656
11, 21,   21.000,   2.00,  16.86,-160.51, -26.55,  59.99,  60.4112,   1.4612,  -0.1700,  22.5503,   5.7510,   1.3333,   1.7153,   2.1500,   2.1500,   1.3144,   0.1040
11, 21,   22.000,   2.00,  16.86,-164.97, -30.45,  41.05,  60.4112,   1.4612,  -0.1700,  22.5503,   5.7510,   1.3333,   1.7153,   2.1500,   2.1500,   1.3144,   0.0381
11, 21,   23.000,   2.00,  16.86,-169.65, -34.59,  23.84,  60.4112,   1.4612,  -0.1700,  22.5503,   5.7510,   1.3333,   1.7153,   2.1500,   2.1500,   1.3144,  -0.0320
11, 21,   24.000,   2.00,  16.86,-174.53, -38.95,  12.88,  60.4112,   1.4612,  -0.1700,  22.5503,   5.7510,   1.3333,   1.7153,   2.1500,   2.1500,   1.3144,  -0.1061
11, 21,   25.000,   2.00,  16.86,-179.59, -43.52,   5.35,  60.4112,   1.4612,  -0.1700,  22.5503,   5.7510,   1.3333,   1.7153,   2.1500,   2.1500,   1.3144,  -0.1841
11, 21,   26.000,   2.00,  16.86,-184.78, -48.24,   0.00,  60.4112,   1.4612,  -0.1700,  22.5503,   5.7510,   1.3333,   1.7153,   2.1500,   2.1500,   1.3144,  -0.2659
11, 21,   27.000,   2.00,  16.86,-189.93, -52.94,   0.00,  60.4112,   1.4612,  -0.1700,  22.5503,   5.7510,   1.3333,   1.7153,   2.1500,   2.1500,   1.3144,  -0.3515
11, 21,   28.000,   2.00,  16.86,-195.16, -57.73,   0.00,  60.4112,   1.4612,  -0.1700,  22.5503,   5.7510,   1.3333,   1.7153,   2.1500,   2.1500,   1.3144,  -0.4407
11, 21,   29.000,   2.00,  16.86,-200.51, -62.66,   0.00,  60.4112,   1.4612,  -0.1700,  22.5503,   5.7510,   1.3333,   1.7153,   2.1500,   2.1500,   1.3144,  -0.5335
11, 21,   30.000,   2.00,  16.86,-205.97, -67.72,   0.00,  60.4112,   1.4612,  -0.1700,  22.5503,   5.7510,   1.3333,   1.7153,   2.1500,   2.1500,   1.3144,  -0.6298
11, 22,    2.000,   2.00,  14.64,-231.13,-128.61,   0.00,  60.4112,   1.4612,  -0.1700,  20.4513,   4.3132,   1.3504,   1.7844,   2.1500,   2.1500,   1.3144,  -1.7240
11, 22,    3.000,   2.00,  14.64,-180.96, -73.77,   0.00,  60.4112,   1.4612,  -0.1700,  20.4513,   4.3132,   1.3504,   1.7844,   2.1500,   2.1500,   1.3144,  -0.6316
11, 22,    4.000,   2.00,  14.64,-155.06, -44.53,   4.91,  60.4112,   1.4612,  -0.1700,  20.4513,   4.3132,   1.3504,   1.7844,   2.1500,   2.1500,   1.3144,  -0.1069
11, 22,    5.000,   2.00,  14.64,-141.26, -27.95,  54.85,  60.4112,   1.4612,  -0.1700,  20.4513,   4.3132,   1.3504,   1.7844,   2.1500,   2.1500,   1.3144,   0.1766
11, 22,    6.000,   2.00,  14.64,-133.69, -17.91,  82.41,  60.4112,   1.4612,  -0.1700,  20.4513,   4.3132,   1.3504,   1.7844,   2.1500,   2.1500,   1.3144,   0.3393
11, 22,    7.000,   2.00,  14.64,-129.63, -11.60,  91.27,  60.4112,   1.4612,  -0.1700,  20.4513,   4.3132,   1.3504,   1.7844,   2.1500,   2.1500,   1.3144,   0.4338
11, 22,    8.000,   2.00,  14.64,-127.64,  -7.55,  95.32,  60.4112,   1.4612,  -0.1700,  20.4513,   4.3132,   1.3504,   1.7844,   2.1500,   2.1500,   1.3144,   0.4862
11, 22,    9.000,   2.00,  14.64,-127.14,  -5.18,  97.24,  60.4112,   1.4612,  -0.1700,  20.4513,   4.3132,   1.3504,   1.7844,   2.1500,   2.1500,   1.3144,   0.5105
11, 22,   10.000,   2.00,  14.64,-127.76,  -4.12,  94.06,  60.4112,   1.4612,  -0.1700,  20.4513,   4.3132,   1.3504,   1.7844,   2.1500,   2.1500,   1.3144,   0.5148
11, 22,   11.000,   2.00,  14.64,-128.99,  -3.84,  94.20,  60.4112,   1.4612,  -0.1700,  20.4513,   4.3132,   1.3504,   1.7844,   2.1500,   2.1500,   1.3144,   0.5042
11, 22,   12.000,   2.00,  14.64,-132.05,  -5.57,  91.95,  60.4112,   1.4612,  -0.1700,  20.4513,   4.3132,   1.3504,   1.7844,   2.1500,   2.1500,   1.3144,   0.4818
11, 22,   13.000,   2.00,  14.64,-134.97,  -7.29,  90.35,  60.4112,   1.4612,  -0.1700,  20.4513,   4.3132,   1.3504,   1.7844,   2.1500,   2.1500,   1.3144,   0.4497
11, 22,   14.000,   2.00,  14.64,-138.29,  -9.56,  91.15,  60.4112,   1.4612,  -0.1700,  20.4513,   4.3132,   1.3504,   1.7844,   2.1500,   2.1500,   1.3144,   0.4094
11, 22,   15.000,   2.00,  14.64,-141.94, -12.25,  88.12,  60.4112,   1.4612,  -0.1700,  20.4513,   4.3132,   1.3504,   1.7844,   2.1500,   2.1500,   1.3144,   0.3619
11, 22,   16.000,   2.00,  14.64,-145.88, -15.33,  85.55,  60.4112,   1.4612,  -0.1700,  20.4513,   4.3132,   1.3504,   1.7844,   2.1500,   2.1500,   1.3144,   0.3078
11, 22,   17.000,   2.00,  14.64,-150.15, -18.81,  79.85,  60.4112,   1.4612,  -0.1700,  20.4513,   4.3132,   1.3504,   1.7844,   2.1500,   2.1500,   1.3144,   0.2479
11, 22,   18.000,   2.00,  14.64,-154.71, -22.65,  71.63,  60.4112,   1.4612,  -0.1700,  20.4513,   4.3132,   1.3504,   1.7844,   2.1500,   2.1500,   1.3144,   0.1823
11, 22,   19.000,   2.00,  14.64,-159.55, -26.82,  59.03,  60.4112,   1.4612,  -0.1700,  20.4513,   4.3132,   1.3504,   1.7844,   2.1500,   2.1500,   1.3144,   0.1116
11, 22,   20.000,   2.00,  14.64,-164.65, -31.29,  36.73,  60.4112,   1.4612,  -0.1700,  20.4513,   4.3132,   1.3504,   1.7844,   2.1500,   2.1500,   1.3144,   0.0358
11, 22,   21.000,   2.00,  14.64,-169.99, -36.03,  19.64,  60.4112,   1.4612,  -0.1700,  20.4513,   4.3132,   1.3504,   1.7844,   2.1500,   2.1500,   1.3144,  -0.0448
11, 22,   22.000,   2.00,  14.64,-175.54, -41.01,   9.12,  60.4112,   1.4612,  -0.1700,  20.4513,   4.3132,   1.3504,   1.7844,   2.1500,   2.1500,   1.3144,  -0.1301
11, 22,   23.000,   2.00,  14.64,-181.20, -46.14,   0.81,  60.4112,   1.4612,  -0.1700,  20.4513,   4.3132,   1.3504,   1.7844,   2.1500,   2.1500,   1.3144,  -0.2199
11, 22,   24.000,   2.00,  14.64,-186.84, -51.26,   0.00,  60.4112,   1.4612,  -0.1700,  20.4513,   4.3132,   1.3504,   1.7844,   2.1500,   2.1500,   1.3144,  -0.3142
11, 22,   25.000,   2.00,  14.64,-192.64, -56.58,   0.00,  60.4112,   1.4612,  -0.1700,  20.4513,   4.3132,   1.3504,   1.7844,   2.1500,   2.1500,   1.3144,  -0.4129
11, 22,   26.000,   2.00,  14.64,-198.61, -62.07,   0.00,  60.4112,   1.4612,  -0.1700,  20.4513,   4.3132,   1.3504,   1.7844,   2.1500,   2.1500,   1.3144,  -0.5159
11, 22,   27.000,   2.00,  14.64,-204.70, -67.71,   0.00,  60.4112,   1.4612,  -0.1700,  20.4513,   4.3132,   1.3504,   1.7844,   2.1500,   2.1500,   1.3144,  -0.6233
11, 22,   28.000,   2.00,  14.64,-210.90, -73.48,   0.00,  60.4112,   1.4612,  -0.1700,  20.4513,   4.3132,   1.3504,   1.7844,   2.1500,   2.1500,   1.3144,  -0.7348
11, 22,   29.000,   2.00,  14.64,-217.19, -79.34,   0.00,  60.4112,   1.4612,  -0.1700,  20.4513,   4.3132,   1.3504,   1.7844,   2.1500,   2.1500,   1.3144,  -0.8505
11, 22,   30.000,   2.00,  14.64,-223.52, -85.27,   0.00,  60.4112,   1.4612,  -0.1700,  20.4513,   4.3132,   1.3504,   1.7844,   2.1500,   2.1500,   1.3144,  -0.9704
11, 23,    2.000,   2.00,  13.24,-177.44, -74.79,   0.00,  60.4112,   1.4612,  -0.1700,  19.0904,   2.9310,   1.3787,   1.8360,   2.1500,   2.1500,   1.3144,  -0.5979
11, 23,    3.000,   2.00,  13.24,-145.83, -38.54,  14.79,  60.4112,   1.4612,  -0.1700,  19.0904,   2.9310,   1.3787,   1.8360,   2.1500,   2.1500,   1.3144,   0.0291
11, 23,    4.000,   2.00,  13.24,-131.47, -20.83,  76.58,  60.4112,   1.4612,  -0.1700,  19.0904,   2.9310,   1.3787,   1.8360,   2.1500,   2.1500,   1.3144,   0.3233
11, 23,    5.000,   2.00,  13.24,-124.60, -11.14,  91.76,  60.4112,   1.4612,  -0.1700,  19.0904,   2.9310,   1.3787,   1.8360,   2.1500,   2.1500,   1.3144,   0.4749
11, 23,    6.000,   2.00,  13.24,-121.53,  -5.55,  97.14,  60.4112,   1.4612,  -0.1700,  19.0904,   2.9310,   1.3787,   1.8360,   2.1500,   2.1500,   1.3144,   0.5539
11, 23,    7.000,   2.00,  13.24,-120.62,  -2.33,  99.53,  60.4112,   1.4612,  -0.1700,  19.0904,   2.9310,   1.3787,   1.8360,   2.1500,   2.1500,   1.3144,   0.5910
11, 23,    8.000,   2.00,  13.24,-121.08,  -0.71, 100.00,  60.4112,   1.4612,  -0.1700,  19.0904,   2.9310,   1.3787,   1.8360,   2.1500,   2.1500,   1.3144,   0.6011
11, 23,    9.000,   2.00,  13.24,-122.46,  -0.22,  96.94,  60.4112,   1.4612,  -0.1700,  19.0904,   2.9310,   1.3787,   1.8360,   2.1500,   2.1500,   1.3144,   0.5927
11, 23,   10.000,   2.00,  13.24,-124.44,  -0.53,  96.64,  60.4112,   1.4612,  -0.1700,  19.0904,   2.9310,   1.3787,   1.8360,   2.1500,   2.1500,   1.3144,   0.5703
11, 23,   11.000,   2.00,  13.24,-128.28,  -2.90,  94.10,  60.4112,   1.4612,  -0.1700,  19.0904,   2.9310,   1.3787,   1.8360,   2.1500,   2.1500,   1.3144,   0.5370
11, 23,   12.000,   2.00,  13.24,-131.89,  -5.21,  92.19,  60.4112,   1.4612,  -0.1700,  19.0904,   2.9310,   1.3787,   1.8360,   2.1500,   2.1500,   1.3144,   0.4944
11, 23,   13.000,   2.00,  13.24,-135.87,  -8.05,  92.65,  60.4112,   1.4612,  -0.1700,  19.0904,   2.9310,   1.3787,   1.8360,   2.1500,   2.1500,   1.3144,   0.4440
11, 23,   14.000,   2.00,  13.24,-140.15, -11.30,  89.22,  60.4112,   1.4612,  -0.1700,  19.0904,   2.9310,   1.3787,   1.8360,   2.1500,   2.1500,   1.3144,   0.3864
11, 23,   15.000,   2.00,  13.24,-144.75, -14.99,  86.05,  60.4112,   1.4612,  -0.1700,  19.0904,   2.9310,   1.3787,   1.8360,   2.1500,   2.1500,   1.3144,   0.3224
11, 23,   16.000,   2.00,  13.24,-149.68, -19.07,  79.37,  60.4112,   1.4612,  -0.1700,  19.0904,   2.9310,   1.3787,   1.8360,   2.1500,   2.1500,   1.3144,   0.2522
11, 23,   17.000,   2.00,  13.24,-154.90, -23.53,  69.38,  60.4112,   1.4612,  -0.1700,  19.0904,   2.9310,   1.3787,   1.8360,   2.1500,   2.1500,   1.3144,   0.1763
11, 23,   18.000,   2.00,  13.24,-160.40, -28.32,  53.06,  60.4112,   1.4612,  -0.1700,  19.0904,   2.9310,   1.3787,   1.8360,   2.1500,   2.1500,   1.3144,   0.0949
11, 23,   19.000,   2.00,  13.24,-166.18, -33.42,  27.77,  60.4112,   1.4612,  -0.1700,  19.0904,   2.9310,   1.3787,   1.8360,   2.1500,   2.1500,   1.3144,   0.0081
11, 23,   20.000,   2.00,  13.24,-172.17, -38.79,  13.20,  60.4112,   1.4612,  -0.1700,  19.0904,   2.9310,   1.3787,   1.8360,   2.1500,   2.1500,   1.3144,  -0.0839
11, 23,   21.000,   2.00,  13.24,-178.25, -44.28,   3.00,  60.4112,   1.4612,  -0.1700,  19.0904,   2.9310,   1.3787,   1.8360,   2.1500,   2.1500,   1.3144,  -0.1810
11, 23,   22.000,   2.00,  13.24,-184.39, -49.86,   0.00,  60.4112,   1.4612,  -0.1700,  19.0904,   2.9310,   1.3787,   1.8360,   2.1500,   2.1500,   1.3144,  -0.2831
11, 23,   23.000,   2.00,  13.24,-190.72, -55.66,   0.00,  60.4112,   1.4612,  -0.1700,  19.0904,   2.9310,   1.3787,   1.8360,   2.1500,   2.1500,   1.3144,  -0.3902
11, 23,   24.000,   2.00,  13.24,-197.23, -61.65,   0.00,  60.4112,   1.4612,  -0.1700,  19.0904,   2.9310,   1.3787,   1.8360,   2.1500,   2.1500,   1.3144,  -0.5022
11, 23,   25.000,   2.00,  13.24,-203.89, -67.82,   0.00,  60.4112,   1.4612,  -0.1700,  19.0904,   2.9310,   1.3787,   1.8360,   2.1500,   2.1500,   1.3144,  -0.6191
11, 23,   26.000,   2.00,  13.24,-210.66, -74.13,   0.00,  60.4112,   1.4612,  -0.1700,  19.0904,   2.9310,   1.3787,   1.8360,   2.1500,   2.1500,   1.3144,  -0.7407
11, 23,   27.000,   2.00,  13.24,-217.53, -80.54,   0.00,  60.4112,   1.4612,  -0.1700,  19.0904,   2.9310,   1.3787,   1.8360,   2.1500,   2.1500,   1.3144,  -0.8672
11, 23,   28.000,   2.00,  13.24,-224.44, -87.01,   0.00,  60.4112,   1.4612,  -0.1700,  19.0904,   2.9310,   1.3787,   1.8360,   2.1500,   2.1500,   1.3144,  -0.9984
11, 23,   29.000,   2.00,  13.24,-231.35, -93.51,   0.00,  60.4112,   1.4612,  -0.1700,  19.0904,   2.9310,   1.3787,   1.8360,   2.1500,   2.1500,   1.3144,  -1.1344
11, 23,   30.000,   2.00,  13.24,-238.21, -99.96,   0.00,  60.4112,   1.4612,  -0.1700,  19.0904,   2.9310,   1.3787,   1.8360,   2.1500,   2.1500,   1.3144,  -1.2751
11, 24,    2.000,   2.00,  12.39,-154.51, -51.71,   0.00,  60.4112,   1.4612,  -0.1700,  18.2219,   2.3287,   1.4209,   1.8722,   2.1500,   2.1500,   1.3144,  -0.1954
11, 24,    3.000,   2.00,  12.39,-132.14, -24.74,  66.31,  60.4112,   1.4612,  -0.1700,  18.2219,   2.3287,   1.4209,   1.8722,   2.1500,   2.1500,   1.3144,   0.2638
11, 24,    4.000,   2.00,  12.39,-122.50, -11.74,  90.92,  60.4112,   1.4612,  -0.1700,  18.2219,   2.3287,   1.4209,   1.8722,   2.1500,   2.1500,   1.3144,   0.4744
11, 24,    5.000,   2.00,  12.39,-118.45,  -4.83,  97.64,  60.4112,   1.4612,  -0.1700,  18.2219,   2.3287,   1.4209,   1.8722,   2.1500,   2.1500,   1.3144,   0.5774
11, 24,    6.000,   2.00,  12.39,-117.07,  -0.87, 100.00,  60.4112,   1.4612,  -0.1700,  18.2219,   2.3287,   1.4209,   1.8722,   2.1500,   2.1500,   1.3144,   0.6248
11, 24,    7.000,   2.00,  12.39,-117.40,   1.15, 100.00,  60.4112,   1.4612,  -0.1700,  18.2219,   2.3287,   1.4209,   1.8722,   2.1500,   2.1500,   1.3144,   0.6394
11, 24,    8.000,   2.00,  12.39,-118.84,   1.83,  98.28,  60.4112,   1.4612,  -0.1700,  18.2219,   2.3287,   1.4209,   1.8722,   2.1500,   2.1500,   1.3144,   0.6325
11, 24,    9.000,   2.00,  12.39,-121.13,   1.42,  97.93,  60.4112,   1.4612,  -0.1700,  18.2219,   2.3287,   1.4209,   1.8722,   2.1500,   2.1500,   1.3144,   0.6101
11, 24,   10.000,   2.00,  12.39,-124.96,  -0.76,  95.65,  60.4112,   1.4612,  -0.1700,  18.2219,   2.3287,   1.4209,   1.8722,   2.1500,   2.1500,   1.3144,   0.5757
11, 24,   11.000,   2.00,  12.39,-128.80,  -3.18,  93.82,  60.4112,   1.4612,  -0.1700,  18.2219,   2.3287,   1.4209,   1.8722,   2.1500,   2.1500,   1.3144,   0.5315
11, 24,   12.000,   2.00,  12.39,-132.97,  -6.10,  94.40,  60.4112,   1.4612,  -0.1700,  18.2219,   2.3287,   1.4209,   1.8722,   2.1500,   2.1500,   1.3144,   0.4788
11, 24,   13.000,   2.00,  12.39,-137.51,  -9.53,  91.11,  60.4112,   1.4612,  -0.1700,  18.2219,   2.3287,   1.4209,   1.8722,   2.1500,   2.1500,   1.3144,   0.4186
11, 24,   14.000,   2.00,  12.39,-142.39, -13.43,  88.13,  60.4112,   1.4612,  -0.1700,  18.2219,   2.3287,   1.4209,   1.8722,   2.1500,   2.1500,   1.3144,   0.3515
11, 24,   15.000,   2.00,  12.39,-147.59, -17.75,  81.73,  60.4112,   1.4612,  -0.1700,  18.2219,   2.3287,   1.4209,   1.8722,   2.1500,   2.1500,   1.3144,   0.2779
11, 24,   16.000,   2.00,  12.39,-153.10, -22.45,  72.13,  60.4112,   1.4612,  -0.1700,  18.2219,   2.3287,   1.4209,   1.8722,   2.1500,   2.1500,   1.3144,   0.1981
11, 24,   17.000,   2.00,  12.39,-158.91, -27.50,  56.42,  60.4112,   1.4612,  -0.1700,  18.2219,   2.3287,   1.4209,   1.8722,   2.1500,   2.1500,   1.3144,   0.1125
11, 24,   18.000,   2.00,  12.39,-165.00, -32.89,  29.78,  60.4112,   1.4612,  -0.1700,  18.2219,   2.3287,   1.4209,   1.8722,   2.1500,   2.1500,   1.3144,   0.0210
11, 24,   19.000,   2.00,  12.39,-171.31, -38.54,  13.72,  60.4112,   1.4612,  -0.1700,  18.2219,   2.3287,   1.4209,   1.8722,   2.1500,   2.1500,   1.3144,  -0.0760
11, 24,   20.000,   2.00,  12.39,-177.64, -44.25,   3.04,  60.4112,   1.4612,  -0.1700,  18.2219,   2.3287,   1.4209,   1.8722,   2.1500,   2.1500,   1.3144,  -0.1785
11, 24,   21.000,   2.00,  12.39,-184.13, -50.15,   0.00,  60.4112,   1.4612,  -0.1700,  18.2219,   2.3287,   1.4209,   1.8722,   2.1500,   2.1500,   1.3144,  -0.2865
11, 24,   22.000,   2.00,  12.39,-190.82, -56.28,   0.00,  60.4112,   1.4612,  -0.1700,  18.2219,   2.3287,   1.4209,   1.8722,   2.1500,   2.1500,   1.3144,  -0.3999
11, 24,   23.000,   2.00,  12.39,-197.69, -62.62,   0.00,  60.4112,   1.4612,  -0.1700,  18.2219,   2.3287,   1.4209,   1.8722,   2.1500,   2.1500,   1.3144,  -0.5186
11, 24,   24.000,   2.00,  12.39,-204.73, -69.15,   0.00,  60.4112,   1.4612,  -0.1700,  18.2219,   2.3287,   1.4209,   1.8722,   2.1500,   2.1500,   1.3144,  -0.6426
11, 24,   25.000,   2.00,  12.39,-211.88, -75.81,   0.00,  60.4112,   1.4612,  -0.1700,  18.2219,   2.3287,   1.4209,   1.8722,   2.1500,   2.1500,   1.3144,  -0.7718
11, 24,   26.000,   2.00,  12.39,-219.12, -82.58,   0.00,  60.4112,   1.4612,  -0.1700,  18.2219,   2.3287,   1.4209,   1.8722,   2.1500,   2.1500,   1.3144,  -0.9063
11, 24,   27.000,   2.00,  12.39,-226.38, -89.39,   0.00,  60.4112,   1.4612,  -0.1700,  18.2219,   2.3287,   1.4209,   1.8722,   2.1500,   2.1500,   1.3144,  -1.0460
11, 24,   28.000,   2.00,  12.39,-233.63, -96.20,   0.00,  60.4112,   1.4612,  -0.1700,  18.2219,   2.3287,   1.4209,   1.8722,   2.1500,   2.1500,   1.3144,  -1.1908
11, 24,   29.000,   2.00,  12.39,-240.78,-102.94,   0.00,  60.4112,   1.4612,  -0.1700,  18.2219,   2.3287,   1.4209,   1.8722,   2.1500,   2.1500,   1.3144,  -1.3408
11, 24,   30.000,   2.00,  12.39,-247.78,-109.53,   0.00,  60.4112,   1.4612,  -0.1700,  18.2219,   2.3287,   1.4209,   1.8722,   2.1500,   2.1500,   1.3144,  -1.4960

**************************End Calculated Parameters ***********************

